"","Region","Position","freq0","frq1","subs","p","p_adj","sym","ensembl_id","type","A3SS","A5SS","MXE","RI","SE","logFcExp","Delta_Free_energy","genetic_var","most_severe_cons","all_cons","aa_change","codons_change"
"1","chr1","111477647",0,0,"CA",0.000458954084214441,0.000597085895968302,"C1orf162","ENSG00000143110","intron",1,1,0,0,7,0,0,"","splice_region_variant","splice_region_variant splice_polypyrimidine_tract_variant intron_variant non_coding_transcript_variant","",""
"2","chr1","111477650",0,0,"GA GT",0.000148516183963113,0.00031043132258801,"C1orf162","ENSG00000143110","intron",1,1,0,0,7,0,0,"","splice_acceptor_variant","splice_acceptor_variant intron_variant non_coding_transcript_variant","",""
"3","chr1","148532070",0,0,"TC",5.55909198464128e-05,0.000171904229063523,"NBPF14","ENSG00000270629","exon UTR",0,0,0,0,0,0,-0.7,"","3_prime_UTR_variant","downstream_gene_variant 3_prime_UTR_variant","",""
"4","chr1","148532213",0,0,"AG TC",0.000171069075508095,0.000338767331794356,"NBPF14","ENSG00000270629","exon UTR",0,0,0,0,0,0,0.9,"","3_prime_UTR_variant","downstream_gene_variant 3_prime_UTR_variant","",""
"5","chr1","149555537",0,0,"AG",5.24215479266079e-05,0.000168846861407057,"NBPF19","ENSG00000286185","exon UTR",0,0,0,0,0,0,0,"","3_prime_UTR_variant","3_prime_UTR_variant downstream_gene_variant","",""
"6","chr1","149555556",0,0,"AG",0.000163737549915351,0.000332436843767531,"NBPF19","ENSG00000286185","exon UTR",0,0,0,0,0,0,0,"","3_prime_UTR_variant","3_prime_UTR_variant downstream_gene_variant","",""
"7","chr1","149555580",0,0,"AG",0.000517838969202885,0.000642503906233209,"NBPF19","ENSG00000286185","exon UTR",0,0,0,0,0,0,0,"","3_prime_UTR_variant","3_prime_UTR_variant downstream_gene_variant","",""
"8","chr1","149555610",0,0,"AG",1.33243853630295e-05,7.80143538956418e-05,"NBPF19","ENSG00000286185","exon UTR",0,0,0,0,0,0,0,"","3_prime_UTR_variant","3_prime_UTR_variant downstream_gene_variant","",""
"9","chr1","150731018",1,0,"TC",7.00224099344959e-06,5.78684089876814e-05,"CTSS","ENSG00000163131","exon UTR",0,0,0,0,4,0,0,"","3_prime_UTR_variant","3_prime_UTR_variant downstream_gene_variant NMD_transcript_variant","",""
"10","chr1","150731131",0,0,"TC",4.64094321380876e-06,4.24013448170709e-05,"CTSS","ENSG00000163131","exon UTR",0,0,0,0,4,0,0,"","splice_polypyrimidine_tract_variant","3_prime_UTR_variant downstream_gene_variant splice_polypyrimidine_tract_variant splice_region_variant intron_variant NMD_transcript_variant","",""
"11","chr1","150731136",0,0,"TC",3.48702285563293e-08,1.75222898495555e-06,"CTSS","ENSG00000163131","exon UTR",0,0,0,0,4,0,1.5,"","splice_polypyrimidine_tract_variant","3_prime_UTR_variant downstream_gene_variant splice_polypyrimidine_tract_variant intron_variant NMD_transcript_variant","",""
"12","chr1","150731137",0,0,"TC",6.42140385166126e-08,2.86822705374203e-06,"CTSS","ENSG00000163131","exon UTR",0,0,0,0,4,0,-3,"","splice_polypyrimidine_tract_variant","3_prime_UTR_variant downstream_gene_variant splice_polypyrimidine_tract_variant intron_variant NMD_transcript_variant","",""
"13","chr1","150731143",0,0,"TC",8.07756353540943e-07,1.47599115510663e-05,"CTSS","ENSG00000163131","exon UTR",0,0,0,0,4,0,2.1,"","splice_polypyrimidine_tract_variant","3_prime_UTR_variant downstream_gene_variant splice_polypyrimidine_tract_variant intron_variant NMD_transcript_variant","",""
"14","chr1","150731153",0,0,"TC",2.11817272218503e-07,6.5500418024491e-06,"CTSS","ENSG00000163131","exon UTR",0,0,0,0,4,0,4,"","3_prime_UTR_variant","3_prime_UTR_variant downstream_gene_variant intron_variant NMD_transcript_variant","",""
"15","chr1","150731166",0,0,"TC",1.83563411820074e-05,9.97195831779321e-05,"CTSS","ENSG00000163131","exon UTR",0,0,0,0,4,0,-0.0999999999999996,"","3_prime_UTR_variant","3_prime_UTR_variant downstream_gene_variant intron_variant NMD_transcript_variant","",""
"16","chr1","150731171",0,0,"TC",2.43544642571074e-07,6.94742805241967e-06,"CTSS","ENSG00000163131","exon UTR",0,0,0,0,4,0,4,"","3_prime_UTR_variant","3_prime_UTR_variant downstream_gene_variant intron_variant NMD_transcript_variant","",""
"17","chr1","150731185",0,0,"TC",0.00010189452282201,0.000249881550006615,"CTSS","ENSG00000163131","exon UTR",0,0,0,0,4,0,-0.3,"","3_prime_UTR_variant","3_prime_UTR_variant downstream_gene_variant intron_variant NMD_transcript_variant","",""
"18","chr1","150731200",0,0,"TC",0.000472713203355554,0.000607277299676026,"CTSS","ENSG00000163131","exon UTR",0,0,0,0,4,0,0.2,"","3_prime_UTR_variant","3_prime_UTR_variant downstream_gene_variant intron_variant NMD_transcript_variant","",""
"19","chr1","150731203",0,0,"TC",1.82132698614536e-06,2.44057816143478e-05,"CTSS","ENSG00000163131","exon UTR",0,0,0,0,4,0,0,"","3_prime_UTR_variant","3_prime_UTR_variant downstream_gene_variant intron_variant NMD_transcript_variant","",""
"20","chr1","150731205",0,0,"TC",2.51254261307132e-06,3.15397213365296e-05,"CTSS","ENSG00000163131","exon UTR",0,0,0,0,4,0,0,"","3_prime_UTR_variant","3_prime_UTR_variant downstream_gene_variant intron_variant NMD_transcript_variant","",""
"21","chr1","150731225",0,0,"TC",0.000244638474763168,0.00042410066551236,"CTSS","ENSG00000163131","exon UTR",0,0,0,0,4,0,0,"","3_prime_UTR_variant","3_prime_UTR_variant downstream_gene_variant intron_variant NMD_transcript_variant","",""
"22","chr1","150731239",0,0,"TC",0.00044076345838239,0.00058477528141822,"CTSS","ENSG00000163131","exon UTR",0,0,0,0,4,0,0,"","3_prime_UTR_variant","3_prime_UTR_variant downstream_gene_variant intron_variant NMD_transcript_variant","",""
"23","chr1","150731240",0,0,"TC",3.66365549845433e-05,0.00014043697065595,"CTSS","ENSG00000163131","exon UTR",0,0,0,0,4,0,-0.4,"","3_prime_UTR_variant","3_prime_UTR_variant downstream_gene_variant intron_variant NMD_transcript_variant","",""
"24","chr1","150731244",0,0,"TC",1.43812357620299e-06,2.22356029859077e-05,"CTSS","ENSG00000163131","exon UTR",0,0,0,0,4,0,0,"","3_prime_UTR_variant","3_prime_UTR_variant downstream_gene_variant intron_variant NMD_transcript_variant","",""
"25","chr1","150731269",0,0,"TC",2.58908160225243e-06,3.15397213365296e-05,"CTSS","ENSG00000163131","exon UTR",0,0,0,0,4,0,0,"","3_prime_UTR_variant","3_prime_UTR_variant downstream_gene_variant intron_variant NMD_transcript_variant","",""
"26","chr1","150731276",0,0,"TC",1.3390523429849e-05,7.80143538956418e-05,"CTSS","ENSG00000163131","exon UTR",0,0,0,0,4,0,-0.0999999999999996,"","3_prime_UTR_variant","3_prime_UTR_variant downstream_gene_variant intron_variant NMD_transcript_variant","",""
"27","chr1","150731288",0,0,"TC",1.03795172937867e-05,7.26854459983028e-05,"CTSS","ENSG00000163131","exon UTR",0,0,0,0,4,0,1,"","3_prime_UTR_variant","3_prime_UTR_variant downstream_gene_variant intron_variant NMD_transcript_variant","",""
"28","chr1","150731305",0,0,"TC",0.000102202955107044,0.000249881550006615,"CTSS","ENSG00000163131","exon UTR",0,0,0,0,4,0,2.7,"","3_prime_UTR_variant","3_prime_UTR_variant downstream_gene_variant intron_variant NMD_transcript_variant","",""
"29","chr1","150731306",0,0,"TC",7.05361204078703e-06,5.78684089876814e-05,"CTSS","ENSG00000163131","exon UTR",0,0,0,0,4,0,-3.4,"","3_prime_UTR_variant","3_prime_UTR_variant downstream_gene_variant intron_variant NMD_transcript_variant","",""
"30","chr1","150731326",0,0,"TC",0.000534512689915439,0.000649582735768542,"CTSS","ENSG00000163131","exon UTR",0,0,0,0,4,0,-1.3,"","3_prime_UTR_variant","3_prime_UTR_variant downstream_gene_variant intron_variant NMD_transcript_variant","",""
"31","chr1","150731936",0,0,"TC AG",6.79060874791902e-07,1.36491235833172e-05,"CTSS","ENSG00000163131","exon UTR",0,0,0,0,4,0,0,"","3_prime_UTR_variant","3_prime_UTR_variant downstream_gene_variant intron_variant NMD_transcript_variant","",""
"32","chr1","150731942",0,0,"TC AG",0.000213326584263072,0.000397024476267385,"CTSS","ENSG00000163131","exon UTR",0,0,0,0,4,0,2.9,"","3_prime_UTR_variant","3_prime_UTR_variant downstream_gene_variant intron_variant NMD_transcript_variant","",""
"33","chr1","150732000",0,0,"TC",0.000117766726132525,0.000266224266972733,"CTSS","ENSG00000163131","exon UTR",0,0,0,0,4,0,0.2,"","3_prime_UTR_variant","3_prime_UTR_variant downstream_gene_variant intron_variant NMD_transcript_variant","",""
"34","chr1","150732024",0,0,"TC AG",0.000467171870923797,0.000603868463380599,"CTSS","ENSG00000163131","exon UTR",0,0,0,0,4,0,-1.8,"","3_prime_UTR_variant","3_prime_UTR_variant downstream_gene_variant intron_variant NMD_transcript_variant","",""
"35","chr1","150732068",0,0,"TC AG",3.12961245956869e-05,0.000128447944635989,"CTSS","ENSG00000163131","exon UTR",0,0,0,0,4,0,-2.6,"","3_prime_UTR_variant","3_prime_UTR_variant downstream_gene_variant intron_variant NMD_transcript_variant","",""
"36","chr1","150732075",1,0,"TC AG TA",8.33037408373445e-05,0.000224752374608137,"CTSS","ENSG00000163131","exon UTR",0,0,0,0,4,0,0,"","3_prime_UTR_variant","3_prime_UTR_variant downstream_gene_variant intron_variant NMD_transcript_variant","",""
"37","chr1","150732109",0,0,"TC AG",1.77922812928225e-06,2.44057816143478e-05,"CTSS","ENSG00000163131","exon UTR",0,0,0,0,4,0,1.7,"","3_prime_UTR_variant","3_prime_UTR_variant downstream_gene_variant intron_variant NMD_transcript_variant","",""
"38","chr1","150732111",0,0,"TC AG",4.88975202349515e-07,1.03456858602371e-05,"CTSS","ENSG00000163131","exon UTR",0,0,0,0,4,0,0,"","3_prime_UTR_variant","3_prime_UTR_variant downstream_gene_variant intron_variant NMD_transcript_variant","",""
"39","chr1","150732129",0,0,"TC AG",3.71560281891021e-05,0.00014043697065595,"CTSS","ENSG00000163131","exon UTR",0,0,0,0,4,0,-2.3,"","3_prime_UTR_variant","3_prime_UTR_variant downstream_gene_variant intron_variant NMD_transcript_variant","",""
"40","chr1","150732157",0,0,"TC AG",1.75543017438359e-06,2.44057816143478e-05,"CTSS","ENSG00000163131","exon UTR",0,0,0,0,4,0,-5,"","3_prime_UTR_variant","3_prime_UTR_variant downstream_gene_variant intron_variant NMD_transcript_variant","",""
"41","chr1","150732183",0,0,"TC AG",1.86571914912524e-08,1.50003819589669e-06,"CTSS","ENSG00000163131","exon UTR",0,0,0,0,4,0,0.9,"","3_prime_UTR_variant","3_prime_UTR_variant downstream_gene_variant intron_variant NMD_transcript_variant","",""
"42","chr1","150732184",0,0,"TC AG",3.73045592444191e-05,0.00014043697065595,"CTSS","ENSG00000163131","exon UTR",0,0,0,0,4,0,-0.199999999999999,"","3_prime_UTR_variant","3_prime_UTR_variant downstream_gene_variant intron_variant NMD_transcript_variant","",""
"43","chr1","150732669",1,0,"TC",1.10105679062504e-06,1.92445578187507e-05,"CTSS","ENSG00000163131","exon UTR",0,0,0,0,4,0,0,"","3_prime_UTR_variant","3_prime_UTR_variant intron_variant NMD_transcript_variant non_coding_transcript_exon_variant","",""
"44","chr1","150732671",4,0,"TC",5.40029877558569e-05,0.000169603133420738,"CTSS","ENSG00000163131","exon UTR",0,0,0,0,4,0,0,"","3_prime_UTR_variant","3_prime_UTR_variant intron_variant NMD_transcript_variant non_coding_transcript_exon_variant","",""
"45","chr1","150732681",11,0,"TC",0.000521175301804466,0.000644653757924294,"CTSS","ENSG00000163131","exon UTR",0,0,0,0,4,0,-1.1,"","3_prime_UTR_variant","3_prime_UTR_variant intron_variant NMD_transcript_variant non_coding_transcript_exon_variant","",""
"46","chr1","150732700",0,0,"TC",8.02237832545506e-05,0.000220890142933763,"CTSS","ENSG00000163131","exon UTR",0,0,0,0,4,0,0,"","3_prime_UTR_variant","3_prime_UTR_variant intron_variant NMD_transcript_variant non_coding_transcript_exon_variant","",""
"47","chr1","150732701",0,0,"TC",0.000605484292802939,0.000681780903699123,"CTSS","ENSG00000163131","exon UTR",0,0,0,0,4,0,0,"","3_prime_UTR_variant","3_prime_UTR_variant intron_variant NMD_transcript_variant non_coding_transcript_exon_variant","",""
"48","chr1","150732716",5,0,"TC",0.000254520002188198,0.000431717472066058,"CTSS","ENSG00000163131","exon UTR",0,0,0,0,4,0,-1.1,"","3_prime_UTR_variant","3_prime_UTR_variant intron_variant NMD_transcript_variant non_coding_transcript_exon_variant","",""
"49","chr1","150732736",0,0,"TC",5.358675864653e-05,0.000169603133420738,"CTSS","ENSG00000163131","exon UTR",0,0,0,0,4,0,0,"","splice_polypyrimidine_tract_variant","3_prime_UTR_variant intron_variant NMD_transcript_variant non_coding_transcript_exon_variant splice_polypyrimidine_tract_variant","",""
"50","chr1","150732740",0,0,"TC",0.000689852378143851,0.000703424927143228,"CTSS","ENSG00000163131","exon UTR",0,0,0,0,4,0,0.200000000000001,"","3_prime_UTR_variant","3_prime_UTR_variant intron_variant NMD_transcript_variant non_coding_transcript_exon_variant","",""
"51","chr1","150732745",0,0,"TC",0.000151456669004407,0.000312233748409084,"CTSS","ENSG00000163131","exon UTR",0,0,0,0,4,0,0.300000000000001,"","3_prime_UTR_variant","3_prime_UTR_variant intron_variant NMD_transcript_variant non_coding_transcript_exon_variant","",""
"52","chr1","150732746",0,0,"TC",4.91652708926475e-05,0.000165490269580628,"CTSS","ENSG00000163131","exon UTR",0,0,0,0,4,0,0,"","3_prime_UTR_variant","3_prime_UTR_variant intron_variant NMD_transcript_variant non_coding_transcript_exon_variant","",""
"53","chr1","150732767",0,0,"TC",7.81998425146493e-05,0.000217383048086259,"CTSS","ENSG00000163131","exon UTR",0,0,0,0,4,0,1.4,"","3_prime_UTR_variant","3_prime_UTR_variant intron_variant NMD_transcript_variant non_coding_transcript_exon_variant","",""
"54","chr1","150732775",0,0,"TC",7.43399034959905e-05,0.000211947809967292,"CTSS","ENSG00000163131","exon UTR",0,0,0,0,4,0,0.5,"","3_prime_UTR_variant","3_prime_UTR_variant intron_variant NMD_transcript_variant non_coding_transcript_exon_variant","",""
"55","chr1","150732778",12,0,"TC",7.00121991079854e-05,0.000203948580010218,"CTSS","ENSG00000163131","exon UTR",0,0,0,0,4,0,0,"","3_prime_UTR_variant","3_prime_UTR_variant intron_variant NMD_transcript_variant non_coding_transcript_exon_variant","",""
"56","chr1","150732803",9,0,"TC",0.000541551271861771,0.000651272687558579,"CTSS","ENSG00000163131","exon UTR",0,0,0,0,4,0,-1,"","3_prime_UTR_variant","3_prime_UTR_variant intron_variant NMD_transcript_variant non_coding_transcript_exon_variant","",""
"57","chr1","150732812",0,0,"TC",0.000132043357798167,0.000287685340693237,"CTSS","ENSG00000163131","exon UTR",0,0,0,0,4,0,0,"","3_prime_UTR_variant","3_prime_UTR_variant intron_variant NMD_transcript_variant non_coding_transcript_exon_variant","",""
"58","chr1","150732828",0,0,"TC",0.00013177347667089,0.000287685340693237,"CTSS","ENSG00000163131","exon UTR",0,0,0,0,4,0,0,"","3_prime_UTR_variant","3_prime_UTR_variant intron_variant NMD_transcript_variant non_coding_transcript_exon_variant","",""
"59","chr1","150732836",2,0,"TC",0.000428607475890239,0.000575693801601476,"CTSS","ENSG00000163131","exon UTR",0,0,0,0,4,0,-1.5,"","3_prime_UTR_variant","3_prime_UTR_variant intron_variant NMD_transcript_variant non_coding_transcript_exon_variant","",""
"60","chr1","150732876",3,0,"TC",6.51733837897586e-05,0.000194071853951726,"CTSS","ENSG00000163131","exon UTR",0,0,0,0,4,0,0.200000000000001,"","3_prime_UTR_variant","3_prime_UTR_variant intron_variant NMD_transcript_variant non_coding_transcript_exon_variant","",""
"61","chr1","150732881",0,0,"TC",2.92727557097375e-05,0.000124800003401515,"CTSS","ENSG00000163131","exon UTR",0,0,0,0,4,0,0.9,"","3_prime_UTR_variant","3_prime_UTR_variant intron_variant NMD_transcript_variant non_coding_transcript_exon_variant","",""
"62","chr1","150732882",1,0,"TC",3.68503441983854e-05,0.00014043697065595,"CTSS","ENSG00000163131","exon UTR",0,0,0,0,4,0,-0.0999999999999996,"","3_prime_UTR_variant","3_prime_UTR_variant intron_variant NMD_transcript_variant non_coding_transcript_exon_variant","",""
"63","chr1","150732900",0,0,"TC",7.26952333671401e-05,0.000208792871326941,"CTSS","ENSG00000163131","exon UTR",0,0,0,0,4,0,0,"","splice_region_variant","3_prime_UTR_variant splice_region_variant intron_variant NMD_transcript_variant non_coding_transcript_exon_variant","",""
"64","chr1","150764771",0,0,"TA AT",0.000351742915104291,0.000505353640297215,"CTSS","ENSG00000163131","intron",0,0,0,0,4,0,-2.4,"","","","",""
"65","chr1","153390239",12,0,"TC",0.00024266962238227,0.00042410066551236,"S100A8","ENSG00000143546","exon",0,0,0,0,0,1.6921072779604,4,"","missense_variant","missense_variant non_coding_transcript_exon_variant","K/R","aAg/aGg"
"66","chr1","153390441",11,0,"TC AG",0.000102276829909283,0.000249881550006615,"S100A8","ENSG00000143546","exon",0,0,0,0,0,1.6921072779604,-1.9,"","missense_variant","missense_variant non_coding_transcript_exon_variant","D/G","gAt/gGt"
"67","chr1","153390457",12,0,"CA CT",0.0002173572333474,0.000400814714704838,"S100A8","ENSG00000143546","exon",0,0,0,0,0,1.6921072779604,0,"","missense_variant","missense_variant non_coding_transcript_exon_variant","H/Y","Cat/Tat"
"68","chr1","153390475",12,0,"CA",0.000149436356815555,0.00031043132258801,"S100A8","ENSG00000143546","exon",0,0,0,0,0,1.6921072779604,0.2,"","synonymous_variant","synonymous_variant non_coding_transcript_exon_variant","L","Ctg/Ttg"
"69","chr1","153390558",11,0,"GT GA",0.000318421359765618,0.00047409402453992,"S100A8","ENSG00000143546","exon",0,0,0,0,0,1.6921072779604,0,"","splice_acceptor_variant","splice_acceptor_variant non_coding_transcript_exon_variant","",""
"70","chr1","153534730",12,0,"AG",0.000240912090534271,0.00042410066551236,"S100A6","ENSG00000238279","exon",0,0,0,0,0,0,0,"","missense_variant","downstream_gene_variant missense_variant intron_variant non_coding_transcript_variant","L/S","tTg/tCg"
"71","chr1","153535351",12,0,"CT CA",0.000515427505726662,0.000641491818272811,"S100A6","ENSG00000197956","exon UTR",0,0,0,0,0,0,0,"","5_prime_UTR_variant","downstream_gene_variant 5_prime_UTR_variant non_coding_transcript_exon_variant","",""
"72","chr1","153544703",11,0,"TC TA AT",1.15935695479557e-05,7.39780152107647e-05,"S100A4","ENSG00000196154","exon",1,0,0,0,0,0,-1,"","missense_variant","missense_variant downstream_gene_variant upstream_gene_variant non_coding_transcript_exon_variant","K/R","aAg/aGg"
"73","chr1","154183188",0,0,"TG",0.000683536362327641,0.000703424927143228,"TPM3","ENSG00000143549","exon UTR",0,0,0,0,3,0.81064235233263,0,"","5_prime_UTR_variant","intron_variant 5_prime_UTR_variant NMD_transcript_variant non_coding_transcript_variant upstream_gene_variant downstream_gene_variant","",""
"74","chr1","159918558",12,0,"CG CT CA",0.000705652643466406,0.000705652643466406,"TAGLN2","ENSG00000158710","exon UTR",0,0,0,0,0,0,2.3,"","3_prime_UTR_variant","downstream_gene_variant 3_prime_UTR_variant","",""
"75","chr1","160996562",0,0,"TC",0.000699925300640028,0.000703424927143228,"F11R","ENSG00000158769","exon UTR",0,0,0,0,0,0,0,"","3_prime_UTR_variant","downstream_gene_variant 3_prime_UTR_variant","",""
"76","chr1","161505445",0,0,"CG",0.000678704742228329,0.000703424927143228,"FCGR2A","ENSG00000143226","exon UTR",0,0,0,0,0,0,2.3,"","5_prime_UTR_variant","upstream_gene_variant 5_prime_UTR_variant","",""
"77","chr1","161505446",0,0,"TA",0.000654659546021076,0.000697857708763205,"FCGR2A","ENSG00000143226","exon UTR",0,0,0,0,0,0,2.3,"","5_prime_UTR_variant","upstream_gene_variant 5_prime_UTR_variant non_coding_transcript_exon_variant","",""
"78","chr1","161505448",0,0,"GT",0.000653383719949339,0.000697857708763205,"FCGR2A","ENSG00000143226","exon UTR",0,0,0,0,0,0,0.399999999999999,"","5_prime_UTR_variant","upstream_gene_variant 5_prime_UTR_variant non_coding_transcript_exon_variant","",""
"79","chr1","172444077",0,0,"GA",0.000306214939824352,0.000467472733896349,"PIGC","ENSG00000135845","exon UTR",0,0,0,0,0,0,-1.7,"","5_prime_UTR_variant","upstream_gene_variant intron_variant 5_prime_UTR_variant non_coding_transcript_exon_variant","",""
"80","chr1","224400841",0,0,"TC",0.000294227678999234,0.00046361771018079,"WDR26","ENSG00000162923","intron",0,0,1,0,4,1.15875432812096,-0.100000000000001,"","intron_variant","intron_variant non_coding_transcript_variant NMD_transcript_variant upstream_gene_variant","",""
"81","chr1","235826915",0,0,"TC AG",0.000227216617868395,0.000411446308031959,"LYST","ENSG00000143669","intron",0,0,0,0,1,0,1.3,"","intron_variant","intron_variant non_coding_transcript_variant downstream_gene_variant","",""
"82","chr1","235827159",0,0,"TC",0.00025381853950683,0.000431717472066058,"LYST","ENSG00000143669","intron",0,0,0,0,1,0,0,"","intron_variant","intron_variant non_coding_transcript_variant downstream_gene_variant","",""
"83","chr1","23692730",7,0,"TG TC",0.000385886934379256,0.000531981311511712,"RPL11","ENSG00000142676","exon UTR",0,0,0,0,0,0,0,"","missense_variant","missense_variant non_coding_transcript_exon_variant 3_prime_UTR_variant NMD_transcript_variant","L/R","cTc/cGc"
"84","chr1","23692731",6,0,"CT",0.000231691145926008,0.000414121185647747,"RPL11","ENSG00000142676","exon UTR",0,0,0,0,0,0,-1.6,"","synonymous_variant","synonymous_variant non_coding_transcript_exon_variant 3_prime_UTR_variant NMD_transcript_variant","L","ctC/ctT"
"85","chr1","23692738",7,0,"CG",0.000453917983678116,0.000595341873600038,"RPL11","ENSG00000142676","exon UTR",0,0,0,0,0,0,3.6,"","missense_variant","missense_variant non_coding_transcript_exon_variant 3_prime_UTR_variant NMD_transcript_variant","Q/E","Cag/Gag"
"86","chr1","24538843",0,0,"AG",0.000229694303903241,0.000414067758605842,"RCAN3","ENSG00000117602","exon UTR",0,0,0,0,0,0,-2,"","3_prime_UTR_variant","downstream_gene_variant 3_prime_UTR_variant non_coding_transcript_exon_variant upstream_gene_variant","",""
"87","chr1","27818862",0,0,"AG",0.000207251788835919,0.000391151263436804,"STX12","ENSG00000117758","intron",0,0,0,0,1,0,0,"","intron_variant","intron_variant downstream_gene_variant upstream_gene_variant","",""
"88","chr1","35602076",0,0,"TC",4.61158337158107e-07,1.02992028631977e-05,"PSMB2","ENSG00000126067","exon UTR",0,0,0,0,0,0,0,"","3_prime_UTR_variant","3_prime_UTR_variant downstream_gene_variant","",""
"89","chr1","35602165",0,0,"TC",2.63759959094933e-05,0.00011781278172907,"PSMB2","ENSG00000126067","exon UTR",0,0,0,0,0,0,2.8,"","3_prime_UTR_variant","3_prime_UTR_variant downstream_gene_variant","",""
"90","chr1","35602200",2,0,"TC",0.000309180478511748,0.000467472733896349,"PSMB2","ENSG00000126067","exon UTR",0,0,0,0,0,0,0,"","3_prime_UTR_variant","3_prime_UTR_variant downstream_gene_variant","",""
"91","chr1","35602220",0,0,"TC",0.000142999688585478,0.000305272327075512,"PSMB2","ENSG00000126067","exon UTR",0,0,0,0,0,0,-2.3,"","3_prime_UTR_variant","3_prime_UTR_variant downstream_gene_variant","",""
"92","chr1","35602724",0,0,"TC",2.81402664508862e-05,0.000124311946299519,"PSMB2","ENSG00000126067","exon UTR",0,0,0,0,0,0,0,"","3_prime_UTR_variant","3_prime_UTR_variant non_coding_transcript_exon_variant","",""
"93","chr1","35602768",0,0,"TC AG",0.0003476324817583,0.000504506345367641,"PSMB2","ENSG00000126067","exon UTR",0,0,0,0,0,0,-0.100000000000001,"","3_prime_UTR_variant","3_prime_UTR_variant non_coding_transcript_exon_variant","",""
"94","chr1","35602769",0,0,"TC AG",2.41121409182196e-05,0.000112133011774804,"PSMB2","ENSG00000126067","exon UTR",0,0,0,0,0,0,-0.0999999999999996,"","3_prime_UTR_variant","3_prime_UTR_variant non_coding_transcript_exon_variant","",""
"95","chr1","36478285",0,0,"TC AG",0.00065172451720737,0.000697857708763205,"CSF3R","ENSG00000119535","intron",0,0,0,1,0,0,-1.8,"","intron_variant","intron_variant upstream_gene_variant downstream_gene_variant non_coding_transcript_variant","",""
"96","chr1","51263036",0,1,"AG",0.000188396205771888,0.000360644165334757,"RNF11","ENSG00000123091","intron",0,0,0,0,0,1.75031955352866,0,"","intron_variant","intron_variant downstream_gene_variant non_coding_transcript_variant","",""
"97","chr1","52824087",0,1,"AG TC",0.00010886359652306,0.000257430387072177,"ZYG11B","ENSG00000162378","exon UTR",0,0,0,0,0,0,0,"","3_prime_UTR_variant","3_prime_UTR_variant","",""
"98","chr1","8865298",4,0,"GA",9.94173030513395e-05,0.000249115810447686,"ENO1","ENSG00000074800","exon UTR",0,0,1,0,0,0,0,"","synonymous_variant","synonymous_variant non_coding_transcript_exon_variant downstream_gene_variant 3_prime_UTR_variant NMD_transcript_variant","I","atC/atT"
"99","chr1","89010963",0,0,"TC",0.000144922524905372,0.000306625552694524,"GBP3","ENSG00000117226","exon UTR",0,1,0,0,2,0,-0.2,"","missense_variant","3_prime_UTR_variant NMD_transcript_variant missense_variant non_coding_transcript_exon_variant intron_variant downstream_gene_variant","I/V","Att/Gtt"
"100","chr10","17220452",0,0,"TC AG",0.000596418911923171,0.000677851622804011,"VIM-AS1","ENSG00000229124","intron",0,0,0,0,0,0,-2.5,"","intron_variant","intron_variant non_coding_transcript_variant upstream_gene_variant","",""
"101","chr10","17233630",0,0,"AG",0.00064325864973825,0.000697857708763205,"VIM","ENSG00000026025","exon",1,0,0,1,1,0,4.3,"","missense_variant","missense_variant non_coding_transcript_exon_variant NMD_transcript_variant downstream_gene_variant upstream_gene_variant","K/R","aAa/aGa"
"102","chr10","22535906",2,0,"TC",0.000619648341183284,0.000686222129905455,"PIP4K2A","ENSG00000150867","exon UTR",0,0,0,0,1,0,-0.0999999999999996,"","3_prime_UTR_variant","downstream_gene_variant 3_prime_UTR_variant","",""
"103","chr10","26481360",0,1,"AG",3.73799897019568e-05,0.00014043697065595,"APBB1IP","ENSG00000077420","intron",0,0,0,0,1,0,2.3,"","intron_variant","intron_variant","",""
"104","chr10","69104636",11,0,"TA TC TG",3.88853673007077e-05,0.000143412088576922,"SRGN","ENSG00000122862","exon UTR",0,0,0,0,0,1.1787230511006,0,"","3_prime_UTR_variant","3_prime_UTR_variant downstream_gene_variant","",""
"105","chr10","71816744",7,0,"GA",4.25340397030597e-05,0.000153347392539659,"PSAP","ENSG00000197746","exon UTR",0,0,0,0,0,0,-0.5,"","3_prime_UTR_variant","downstream_gene_variant 3_prime_UTR_variant","",""
"106","chr10","71816759",11,0,"AG AC",0.00038329733606443,0.000531329410682417,"PSAP","ENSG00000197746","exon UTR",0,0,0,0,0,0,0,"","3_prime_UTR_variant","downstream_gene_variant 3_prime_UTR_variant","",""
"107","chr10","71816896",12,0,"GA GC",0.000295044018545281,0.00046361771018079,"PSAP","ENSG00000197746","exon UTR",0,0,0,0,0,0,0,"","3_prime_UTR_variant","downstream_gene_variant 3_prime_UTR_variant","",""
"108","chr10","71817280",9,0,"TC",1.56624416200452e-05,8.86803032571572e-05,"PSAP","ENSG00000197746","exon UTR",0,0,0,0,0,0,0.299999999999999,"","3_prime_UTR_variant","downstream_gene_variant 3_prime_UTR_variant","",""
"109","chr10","97386801",0,0,"TC",0.000670944029230967,0.000703424927143228,"RRP12","ENSG00000052749","intron",0,0,0,0,2,0,-1,"","intron_variant","intron_variant downstream_gene_variant","",""
"110","chr11","104968568",0,0,"AG",0.000324940722701161,0.000480243273992157,"CASP4","ENSG00000196954","exon UTR",0,0,0,1,2,0,0,"","5_prime_UTR_variant","5_prime_UTR_variant non_coding_transcript_exon_variant upstream_gene_variant","",""
"111","chr11","119017533",0,0,"CG GC",1.14999585869064e-05,7.39780152107647e-05,"RPS25","ENSG00000118181","exon UTR",0,0,0,0,0,0,-1.6,"","missense_variant","downstream_gene_variant upstream_gene_variant non_coding_transcript_exon_variant missense_variant intron_variant NMD_transcript_variant 3_prime_UTR_variant","G/R","Ggc/Cgc"
"112","chr11","119017536",0,0,"TG",2.68625896060995e-06,3.17610618283883e-05,"RPS25","ENSG00000118181","exon UTR",0,0,0,0,0,0,0.5,"","missense_variant","downstream_gene_variant upstream_gene_variant non_coding_transcript_exon_variant missense_variant intron_variant NMD_transcript_variant 3_prime_UTR_variant","K/Q","Aaa/Caa"
"113","chr11","119017538",0,0,"GT CA",1.29226164401773e-05,7.7535698641064e-05,"RPS25","ENSG00000118181","exon UTR",0,0,0,0,0,0,3.2,"","missense_variant","downstream_gene_variant upstream_gene_variant non_coding_transcript_exon_variant missense_variant intron_variant NMD_transcript_variant 3_prime_UTR_variant","S/Y","tCc/tAc"
"114","chr11","119017545",0,0,"TG AC",2.94790755492283e-05,0.000124800003401515,"RPS25","ENSG00000118181","exon UTR",0,0,0,0,0,0,0,"","missense_variant","downstream_gene_variant upstream_gene_variant non_coding_transcript_exon_variant missense_variant splice_region_variant intron_variant NMD_transcript_variant 3_prime_UTR_variant","K/Q","Aag/Cag"
"115","chr11","16738633",0,0,"GC",0.000440127594854071,0.00058477528141822,"SOX6","ENSG00000110693","exon UTR",0,0,0,0,0,0,-2.5,"","5_prime_UTR_variant","upstream_gene_variant non_coding_transcript_exon_variant intron_variant non_coding_transcript_variant 5_prime_UTR_variant NMD_transcript_variant","",""
"116","chr11","308196",0,0,"AG",7.82264801093841e-07,1.47599115510663e-05,"IFITM2","ENSG00000185201","exon",0,0,0,0,0,2.34646430102103,1,"","missense_variant","upstream_gene_variant missense_variant downstream_gene_variant intron_variant non_coding_transcript_exon_variant NMD_transcript_variant","N/D","Aac/Gac"
"117","chr11","308197",0,0,"AG",1.45288260088529e-07,5.30962550505351e-06,"IFITM2","ENSG00000185201","exon",0,0,0,0,0,2.34646430102103,-2.2,"","missense_variant","upstream_gene_variant missense_variant downstream_gene_variant intron_variant non_coding_transcript_exon_variant NMD_transcript_variant","N/S","aAc/aGc"
"118","chr11","308320",8,0,"CT",0.000583435498399574,0.000677851622804011,"IFITM2","ENSG00000185201","exon",0,0,0,0,0,2.34646430102103,0,"","missense_variant","upstream_gene_variant missense_variant downstream_gene_variant coding_sequence_variant NMD_transcript_variant non_coding_transcript_exon_variant","T/I X","aCc/aTc nCc/nTc"
"119","chr11","308323",8,0,"TG",7.84093083893221e-05,0.000217383048086259,"IFITM2","ENSG00000185201","exon",0,0,0,0,0,2.34646430102103,0,"","missense_variant","upstream_gene_variant missense_variant downstream_gene_variant NMD_transcript_variant non_coding_transcript_exon_variant","V/G","gTg/gGg"
"120","chr11","309073",11,0,"AG AT",0.000298362405953947,0.00046361771018079,"IFITM2","ENSG00000185201","exon UTR",0,0,0,0,0,2.34646430102103,0,"","missense_variant","upstream_gene_variant intron_variant missense_variant downstream_gene_variant 3_prime_UTR_variant NMD_transcript_variant non_coding_transcript_exon_variant non_coding_transcript_variant","Q/R K/E","cAa/cGa Aag/Gag"
"121","chr11","309122",7,0,"TG TC",3.18252688017263e-07,7.99609878643373e-06,"IFITM2","ENSG00000185201","exon UTR",0,0,0,0,0,2.34646430102103,0,"","missense_variant","upstream_gene_variant intron_variant synonymous_variant downstream_gene_variant 3_prime_UTR_variant NMD_transcript_variant missense_variant non_coding_transcript_exon_variant non_coding_transcript_variant","S L/R","tcT/tcG cTg/cGg"
"122","chr11","309124",6,0,"CT CA",2.59232390015659e-07,6.94742805241967e-06,"IFITM2","ENSG00000185201","exon UTR",0,0,0,0,0,2.34646430102103,0,"","missense_variant","upstream_gene_variant intron_variant missense_variant downstream_gene_variant 3_prime_UTR_variant NMD_transcript_variant non_coding_transcript_exon_variant splice_polypyrimidine_tract_variant non_coding_transcript_variant","A/V L/F","gCt/gTt Ctc/Ttc"
"123","chr11","309142",3,0,"TC",1.98348408453272e-05,0.000103553324932747,"IFITM2","ENSG00000185201","exon UTR",0,0,0,0,0,2.34646430102103,0,"","missense_variant","upstream_gene_variant intron_variant missense_variant downstream_gene_variant 3_prime_UTR_variant NMD_transcript_variant synonymous_variant non_coding_transcript_exon_variant splice_region_variant","V/A L","gTt/gCt Ttg/Ctg"
"124","chr11","309157",6,0,"CT",1.6518290837907e-05,9.2227123844981e-05,"IFITM2","ENSG00000185201","exon UTR",0,0,0,0,0,2.34646430102103,2.5,"","stop_gained","upstream_gene_variant intron_variant missense_variant downstream_gene_variant 3_prime_UTR_variant NMD_transcript_variant stop_gained non_coding_transcript_exon_variant","P/L Q/*","cCa/cTa Cag/Tag"
"125","chr11","314279",5,0,"GC GA",0.000693723350056296,0.000703424927143228,"IFITM1","ENSG00000288681","exon",0,0,0,0,0,0,-3.4,"","missense_variant","missense_variant intron_variant downstream_gene_variant upstream_gene_variant NMD_transcript_variant non_coding_transcript_exon_variant","V/L","Gtc/Ctc"
"126","chr11","314334",10,0,"TG TC",6.79562609003566e-05,0.000200870712367231,"IFITM1","ENSG00000288681","exon",0,0,0,0,0,0,-3.8,"","missense_variant","missense_variant intron_variant downstream_gene_variant upstream_gene_variant NMD_transcript_variant non_coding_transcript_exon_variant","I/R","aTa/aGa"
"127","chr11","314915",0,3,"CT GA",0.000624190359392768,0.000687464450618884,"IFITM1","ENSG00000288681","exon",0,0,0,0,0,0,2.6,"","missense_variant","splice_polypyrimidine_tract_variant splice_region_variant intron_variant downstream_gene_variant upstream_gene_variant non_coding_transcript_variant NMD_transcript_variant non_coding_transcript_exon_variant missense_variant","P/S","Ccc/Tcc"
"128","chr11","315030",0,0,"GC",7.02524635707897e-10,1.3517087819997e-07,"IFITM1","ENSG00000288681","exon UTR",0,0,0,0,0,0,-1.9,"","missense_variant","missense_variant downstream_gene_variant upstream_gene_variant 3_prime_UTR_variant NMD_transcript_variant","G/R W/S","Gga/Cga tGg/tCg"
"129","chr11","315031",0,0,"GT",7.98788645146915e-10,1.3517087819997e-07,"IFITM1","ENSG00000288681","exon UTR",0,0,0,0,0,0,0.7,"","missense_variant","missense_variant downstream_gene_variant upstream_gene_variant 3_prime_UTR_variant NMD_transcript_variant","G/V W/C","gGa/gTa tgG/tgT"
"130","chr11","315033",0,0,"TC",1.0087378970147e-09,1.3517087819997e-07,"IFITM1","ENSG00000288681","exon UTR",0,0,0,0,0,0,-0.6,"","missense_variant","missense_variant downstream_gene_variant upstream_gene_variant 3_prime_UTR_variant NMD_transcript_variant","F/L I/T","Ttc/Ctc aTt/aCt"
"131","chr11","319860",11,0,"AG",0.000590217279143666,0.000677851622804011,"IFITM3","ENSG00000251661","exon UTR",0,0,0,0,0,4.17543894088964,0,"","missense_variant","downstream_gene_variant missense_variant 3_prime_UTR_variant NMD_transcript_variant upstream_gene_variant intron_variant non_coding_transcript_variant synonymous_variant non_coding_transcript_exon_variant","L/P A","cTg/cCg gcT/gcC"
"132","chr11","319907",12,0,"CA CT",2.61108985504792e-05,0.00011781278172907,"IFITM3","ENSG00000251661","exon UTR",0,0,0,0,0,4.17543894088964,0,"","missense_variant","downstream_gene_variant synonymous_variant 3_prime_UTR_variant NMD_transcript_variant upstream_gene_variant intron_variant non_coding_transcript_variant missense_variant non_coding_transcript_exon_variant","L D/Y","ctG/ctT Gat/Tat"
"133","chr11","320725",11,0,"CA CT CG",0.000149810140751428,0.00031043132258801,"IFITM3","ENSG00000251661","exon",0,0,0,0,0,4.17543894088964,0.5,"","splice_donor_5th_base_variant","missense_variant downstream_gene_variant NMD_transcript_variant upstream_gene_variant intron_variant non_coding_transcript_variant non_coding_transcript_exon_variant splice_donor_5th_base_variant","A/V","gCt/gTt"
"134","chr11","320881",0,0,"TA",0.000583332178151491,0.000677851622804011,"IFITM3","ENSG00000251661","intron",0,0,0,0,0,4.17543894088964,0,"","","","",""
"135","chr11","47369646",0,0,"TA",0.000286727338165866,0.000462909196556941,"SPI1","ENSG00000066336","intron",0,0,0,0,0,0,1.4,"","intron_variant","intron_variant","",""
"136","chr11","48001254",0,0,"AG",0.000115411236138221,0.000266224266972733,"PTPRJ","ENSG00000149177","intron",0,0,0,0,1,0,0.9,"","intron_variant","intron_variant","",""
"137","chr11","57567632",0,0,"TG TC",3.68362191586964e-05,0.00014043697065595,"UBE2L6","ENSG00000156587","exon UTR",0,0,0,0,0,1.37393976466147,0,"","5_prime_UTR_variant","5_prime_UTR_variant intron_variant upstream_gene_variant","",""
"138","chr11","62559791",8,0,"TC",0.000490953664116565,0.000621430650668098,"EEF1G","ENSG00000254772","exon",0,0,0,0,0,0,-2.2,"","missense_variant","missense_variant 3_prime_UTR_variant NMD_transcript_variant non_coding_transcript_exon_variant upstream_gene_variant","K/R","aAa/aGa"
"139","chr11","62573872",0,0,"AT",0.000543494647045705,0.000651272687558579,"EEF1G","ENSG00000254772","exon UTR",0,0,0,0,0,0,1.8,"","","","",""
"140","chr11","65499778",0,0,"AG",3.48580440853119e-05,0.000140129337222954,"MALAT1","ENSG00000251562","exon",0,0,0,0,0,0,1.8,"","non_coding_transcript_exon_variant","upstream_gene_variant non_coding_transcript_exon_variant intron_variant non_coding_transcript_variant downstream_gene_variant","",""
"141","chr11","65776911",0,0,"TC AG",3.65729769245851e-05,0.00014043697065595,"AP5B1","ENSG00000254470","exon UTR",0,0,0,0,0,1.07889993175038,-4.1,"","3_prime_UTR_variant","3_prime_UTR_variant","",""
"142","chr11","67586477",7,0,"CT CA",0.000156250026710744,0.000320471993559791,"GSTP1","ENSG00000084207","exon UTR",0,0,0,0,1,0,0,"","missense_variant","missense_variant non_coding_transcript_exon_variant downstream_gene_variant 3_prime_UTR_variant NMD_transcript_variant","S/L","tCa/tTa"
"143","chr11","68755869",0,0,"TC AG",1.02199891647885e-05,7.26854459983028e-05,"CPT1A","ENSG00000110090","exon UTR",0,0,0,0,0,0,0,"","3_prime_UTR_variant","upstream_gene_variant 3_prime_UTR_variant intron_variant downstream_gene_variant","",""
"144","chr11","68755870",0,1,"TC AG",4.31582228498337e-05,0.000153347392539659,"CPT1A","ENSG00000110090","exon UTR",0,0,0,0,0,0,-0.0999999999999996,"","3_prime_UTR_variant","upstream_gene_variant 3_prime_UTR_variant intron_variant downstream_gene_variant","",""
"145","chr11","72288262",0,1,"AG TC",0.000597916846760509,0.000677851622804011,"CLPB","ENSG00000285864","exon UTR",0,0,0,0,0,0,0.299999999999999,"","3_prime_UTR_variant","3_prime_UTR_variant downstream_gene_variant intron_variant non_coding_transcript_variant","",""
"146","chr11","78068663",0,4,"TC AG",2.00971955207037e-05,0.000103577853837473,"NDUFC2-KCTD14","ENSG00000259112","intron",0,0,0,0,0,0,0,"","3_prime_UTR_variant","downstream_gene_variant 3_prime_UTR_variant intron_variant","",""
"147","chr12","112408285",11,0,"AG AC",0.000199405171163338,0.000379909378235365,"RPL6","ENSG00000089009","exon UTR",0,0,0,0,0,0,0,"","synonymous_variant","synonymous_variant non_coding_transcript_exon_variant 5_prime_UTR_variant upstream_gene_variant","G","ggT/ggC"
"148","chr12","112906970",0,0,"CG",0.000309953277683221,0.000467472733896349,"OAS1","ENSG00000089127","exon UTR",4,0,0,3,7,1.63059671625119,0.0999999999999999,"","5_prime_UTR_variant","5_prime_UTR_variant upstream_gene_variant downstream_gene_variant non_coding_transcript_exon_variant","",""
"149","chr12","116714549",0,0,"TC AG",9.63997193203237e-06,7.25371108700218e-05,"SPRING1","ENSG00000111412","exon UTR",0,0,0,0,0,0,0,"","3_prime_UTR_variant","3_prime_UTR_variant downstream_gene_variant","",""
"150","chr12","120197399",12,0,"GT GA",0.000269206559796427,0.000449049946216448,"RPLP0","ENSG00000089157","exon UTR",0,0,0,0,2,-0.858553109523472,-0.9,"","missense_variant","missense_variant upstream_gene_variant downstream_gene_variant 3_prime_UTR_variant NMD_transcript_variant non_coding_transcript_exon_variant","H/N","Cat/Aat"
"151","chr12","15911348",0,0,"CG",9.78327024117455e-05,0.000249115810447686,"DERA","ENSG00000023697","exon UTR",0,0,0,0,0,0,0,"","5_prime_UTR_variant","5_prime_UTR_variant NMD_transcript_variant upstream_gene_variant","",""
"152","chr12","16357602",0,8,"TA AT",0.000610530389198674,0.000683361030903866,"MGST1","ENSG00000008394","exon",0,0,0,0,1,0.807294893208905,3.7,"","splice_polypyrimidine_tract_variant","splice_polypyrimidine_tract_variant splice_region_variant intron_variant non_coding_transcript_exon_variant downstream_gene_variant non_coding_transcript_variant upstream_gene_variant","",""
"153","chr12","49128943",0,1,"AT",0.000180855143526448,0.000354652525354303,"TUBA1B","ENSG00000123416","intron",0,0,0,0,0,0,-0.5,"","splice_polypyrimidine_tract_variant","splice_polypyrimidine_tract_variant splice_region_variant intron_variant non_coding_transcript_variant downstream_gene_variant upstream_gene_variant NMD_transcript_variant","",""
"154","chr12","50930380",0,0,"AG",0.000675322109762956,0.000703424927143228,"METTL7A","ENSG00000185432","exon UTR",0,0,0,0,0,0,-0.9,"","3_prime_UTR_variant","3_prime_UTR_variant intron_variant NMD_transcript_variant downstream_gene_variant","",""
"155","chr12","50930653",0,1,"AG",1.24741177612376e-07,5.01459534001751e-06,"METTL7A","ENSG00000185432","exon UTR",0,0,0,0,0,0,0,"","3_prime_UTR_variant","3_prime_UTR_variant intron_variant NMD_transcript_variant downstream_gene_variant","",""
"156","chr12","50930683",0,1,"AG",1.10817419940734e-05,7.3030496419959e-05,"METTL7A","ENSG00000185432","exon UTR",0,0,0,0,0,0,0,"","3_prime_UTR_variant","3_prime_UTR_variant intron_variant NMD_transcript_variant downstream_gene_variant","",""
"157","chr12","50930684",0,1,"AG",2.41509023726599e-06,3.13182669477719e-05,"METTL7A","ENSG00000185432","exon UTR",0,0,0,0,0,0,3.5,"","3_prime_UTR_variant","3_prime_UTR_variant intron_variant NMD_transcript_variant downstream_gene_variant","",""
"158","chr12","50930713",0,0,"AG",2.07464613926397e-05,0.000105570601010648,"METTL7A","ENSG00000185432","exon UTR",0,0,0,0,0,0,-1.7,"","3_prime_UTR_variant","3_prime_UTR_variant intron_variant NMD_transcript_variant downstream_gene_variant","",""
"159","chr12","50930844",0,1,"AG",1.43325794455419e-05,8.2309956244398e-05,"METTL7A","ENSG00000185432","exon UTR",0,0,0,0,0,0,0.799999999999999,"","3_prime_UTR_variant","3_prime_UTR_variant intron_variant NMD_transcript_variant downstream_gene_variant","",""
"160","chr12","50930856",0,1,"AG",0.000296411102995001,0.00046361771018079,"METTL7A","ENSG00000185432","exon UTR",0,0,0,0,0,0,0,"","3_prime_UTR_variant","3_prime_UTR_variant intron_variant NMD_transcript_variant downstream_gene_variant","",""
"161","chr12","50931446",0,0,"AG",0.000344226287627435,0.00050319624591356,"METTL7A","ENSG00000185432","exon UTR",0,0,0,0,0,0,0,"","3_prime_UTR_variant","3_prime_UTR_variant intron_variant NMD_transcript_variant downstream_gene_variant","",""
"162","chr12","50931460",0,0,"AG",0.000257202881790847,0.000434435119663531,"METTL7A","ENSG00000185432","exon UTR",0,0,0,0,0,0,-2.3,"","3_prime_UTR_variant","3_prime_UTR_variant intron_variant NMD_transcript_variant downstream_gene_variant","",""
"163","chr12","50931505",0,0,"AG",0.00053057259547618,0.000649582735768542,"METTL7A","ENSG00000185432","exon UTR",0,0,0,0,0,0,-0.7,"","3_prime_UTR_variant","3_prime_UTR_variant intron_variant NMD_transcript_variant downstream_gene_variant","",""
"164","chr12","50931523",0,0,"AG",8.22524691999615e-06,6.48345354537241e-05,"METTL7A","ENSG00000185432","exon UTR",0,0,0,0,0,0,0,"","3_prime_UTR_variant","3_prime_UTR_variant intron_variant NMD_transcript_variant downstream_gene_variant","",""
"165","chr12","50931591",0,0,"AG",6.85181945350276e-05,0.000201053388343658,"METTL7A","ENSG00000185432","exon UTR",0,0,0,0,0,0,0,"","splice_polypyrimidine_tract_variant","3_prime_UTR_variant intron_variant NMD_transcript_variant splice_polypyrimidine_tract_variant splice_region_variant downstream_gene_variant","",""
"166","chr12","50931607",0,0,"AG",2.27619629407032e-05,0.000110244687977864,"METTL7A","ENSG00000185432","exon UTR",0,0,0,0,0,0,-1.8,"","splice_polypyrimidine_tract_variant","3_prime_UTR_variant splice_polypyrimidine_tract_variant splice_region_variant intron_variant NMD_transcript_variant downstream_gene_variant","",""
"167","chr12","50931617",0,0,"AG",0.000656849375756312,0.000697857708763205,"METTL7A","ENSG00000185432","exon UTR",0,0,0,0,0,0,0,"","splice_region_variant","3_prime_UTR_variant splice_region_variant NMD_transcript_variant downstream_gene_variant","",""
"168","chr12","50931694",0,0,"AG",3.06137949195048e-05,0.000128195266225426,"METTL7A","ENSG00000185432","exon UTR",0,0,0,0,0,0,0.4,"","3_prime_UTR_variant","3_prime_UTR_variant NMD_transcript_variant downstream_gene_variant","",""
"169","chr12","50931812",0,0,"AG",0.000370983338007043,0.000521452104471438,"METTL7A","ENSG00000185432","exon UTR",0,0,0,0,0,0,0,"","3_prime_UTR_variant","3_prime_UTR_variant NMD_transcript_variant downstream_gene_variant","",""
"170","chr12","56042598",12,0,"CA CT",0.000333505613776353,0.000489303856708372,"RPS26","ENSG00000197728","exon",0,0,0,1,0,0,0,"","missense_variant","downstream_gene_variant missense_variant non_coding_transcript_exon_variant upstream_gene_variant","F/L","ttC/ttA"
"171","chr12","56725300",0,0,"TG",0.000185713591126613,0.0003596207885951,"NACA","ENSG00000196531","exon UTR",0,0,0,0,0,0,0,"","synonymous_variant","5_prime_UTR_variant upstream_gene_variant non_coding_transcript_exon_variant synonymous_variant","G","ggT/ggC"
"172","chr12","6537133",0,0,"CT",3.09680595426325e-06,3.36463782057791e-05,"GAPDH","ENSG00000111640","exon",0,0,0,0,0,0,0,"","synonymous_variant","synonymous_variant downstream_gene_variant non_coding_transcript_exon_variant upstream_gene_variant","I","atC/atT"
"173","chr12","6870368",7,0,"CT CA",2.69973227739459e-08,1.75222898495555e-06,"TPI1","ENSG00000111669","exon",0,0,0,0,0,0,0,"","synonymous_variant","downstream_gene_variant synonymous_variant upstream_gene_variant non_coding_transcript_exon_variant","I","atC/atT"
"174","chr12","69348380",0,0,"CG",0.000475902156408302,0.000609276009159673,"LYZ","ENSG00000090382","intron",0,0,0,0,0,0,0.800000000000001,"","upstream_gene_variant","upstream_gene_variant","",""
"175","chr12","69348475",11,0,"AG",0.000248400352100479,0.000426739066429029,"LYZ","ENSG00000090382","exon",0,0,0,0,0,0,0,"","missense_variant","missense_variant","R/G","Agg/Ggg"
"176","chr12","69350244",12,0,"AG AT",0.000212000547695056,0.000396391721736803,"LYZ","ENSG00000090382","exon",0,0,0,0,0,0,0,"","synonymous_variant","synonymous_variant downstream_gene_variant","A","gcA/gcG"
"177","chr12","69352230",10,0,"AG",5.92664935033351e-05,0.000181871224338479,"LYZ","ENSG00000090382","exon",0,0,0,0,0,0,0.6,"","synonymous_variant","synonymous_variant downstream_gene_variant intron_variant","Q","caA/caG"
"178","chr12","69353532",12,0,"AG",0.000235126048887733,0.000418233060410924,"LYZ","ENSG00000090382","exon UTR",0,0,0,0,0,0,0,"","3_prime_UTR_variant","3_prime_UTR_variant downstream_gene_variant non_coding_transcript_exon_variant","",""
"179","chr12","69353593",12,0,"AG",8.11021254757992e-05,0.000221789485995043,"LYZ","ENSG00000090382","exon UTR",0,0,0,0,0,0,0,"","3_prime_UTR_variant","3_prime_UTR_variant downstream_gene_variant non_coding_transcript_exon_variant","",""
"180","chr12","69353628",8,0,"AG",0.000607158118219617,0.000681780903699123,"LYZ","ENSG00000090382","exon UTR",0,0,0,0,0,0,0,"","3_prime_UTR_variant","3_prime_UTR_variant downstream_gene_variant intron_variant non_coding_transcript_variant","",""
"181","chr12","69353664",11,0,"AG",5.34518866147674e-05,0.000169603133420738,"LYZ","ENSG00000090382","exon UTR",0,0,0,0,0,0,-2.4,"","3_prime_UTR_variant","3_prime_UTR_variant downstream_gene_variant intron_variant non_coding_transcript_variant","",""
"182","chr12","69353670",10,0,"AG",4.86718111287625e-05,0.000165490269580628,"LYZ","ENSG00000090382","exon UTR",0,0,0,0,0,0,1.7,"","3_prime_UTR_variant","3_prime_UTR_variant downstream_gene_variant intron_variant non_coding_transcript_variant","",""
"183","chr12","69353686",12,0,"CT CA",3.63095693438699e-06,3.84117023058834e-05,"LYZ","ENSG00000090382","exon UTR",0,0,0,0,0,0,0,"","3_prime_UTR_variant","3_prime_UTR_variant downstream_gene_variant intron_variant non_coding_transcript_variant","",""
"184","chr12","69353727",12,0,"AG",4.34865740037838e-05,0.000153347392539659,"LYZ","ENSG00000090382","exon UTR",0,0,0,0,0,0,0.8,"","3_prime_UTR_variant","3_prime_UTR_variant downstream_gene_variant intron_variant non_coding_transcript_variant","",""
"185","chr12","69353731",11,0,"AG",4.7917871831924e-05,0.000164640892960969,"LYZ","ENSG00000090382","exon UTR",0,0,0,0,0,0,0,"","3_prime_UTR_variant","3_prime_UTR_variant downstream_gene_variant intron_variant non_coding_transcript_variant","",""
"186","chr12","69353748",12,0,"AG",0.000698416885881456,0.000703424927143228,"LYZ","ENSG00000090382","exon UTR",0,0,0,0,0,0,0,"","3_prime_UTR_variant","3_prime_UTR_variant downstream_gene_variant non_coding_transcript_exon_variant","",""
"187","chr12","69353750",6,0,"AG",8.92744612766337e-05,0.000236107456797413,"LYZ","ENSG00000090382","exon UTR",0,0,0,0,0,0,-2.4,"","3_prime_UTR_variant","3_prime_UTR_variant downstream_gene_variant non_coding_transcript_exon_variant","",""
"188","chr12","69353762",6,0,"AG",1.17179589538726e-08,1.1776548748642e-06,"LYZ","ENSG00000090382","exon UTR",0,0,0,0,0,0,0,"","3_prime_UTR_variant","3_prime_UTR_variant downstream_gene_variant non_coding_transcript_exon_variant","",""
"189","chr12","69353803",12,0,"CT CA",1.07500258841337e-05,7.26854459983028e-05,"LYZ","ENSG00000090382","exon UTR",0,0,0,0,0,0,0,"","3_prime_UTR_variant","3_prime_UTR_variant downstream_gene_variant non_coding_transcript_exon_variant","",""
"190","chr12","69353807",12,0,"GT",0.000691447158295133,0.000703424927143228,"LYZ","ENSG00000090382","exon UTR",0,0,0,0,0,0,0,"","3_prime_UTR_variant","3_prime_UTR_variant downstream_gene_variant non_coding_transcript_exon_variant","",""
"191","chr12","69354219",8,0,"AC AG",5.07620652229634e-05,0.000167614710446473,"LYZ","ENSG00000090382","exon UTR",0,0,0,0,0,0,0,"","3_prime_UTR_variant","3_prime_UTR_variant downstream_gene_variant non_coding_transcript_exon_variant","",""
"192","chr12","9239583",0,0,"CA",8.28578158807076e-05,0.000224752374608137,"A2MP1","ENSG00000256069","intron",0,0,0,0,0,0,0,"","intron_variant","downstream_gene_variant upstream_gene_variant intron_variant non_coding_transcript_variant","",""
"193","chr13","50013552",0,1,"TC AG",2.94925381172734e-05,0.000124800003401515,"DLEU2","ENSG00000231607","intron",0,0,0,0,0,0,0,"","3_prime_UTR_variant","upstream_gene_variant downstream_gene_variant 3_prime_UTR_variant intron_variant non_coding_transcript_variant","",""
"194","chr13","50013553",0,1,"TC AG",1.048041354152e-05,7.26854459983028e-05,"DLEU2","ENSG00000231607","intron",0,0,0,0,0,0,-3,"","3_prime_UTR_variant","upstream_gene_variant downstream_gene_variant 3_prime_UTR_variant intron_variant non_coding_transcript_variant","",""
"195","chr13","51708231",0,0,"AG",9.32216299939061e-05,0.000243344774399677,"WDFY2","ENSG00000139668","intron",0,0,0,0,1,0,0,"","intron_variant","intron_variant","",""
"196","chr13","52642712",0,1,"AG TC",0.000598600313670209,0.000677851622804011,"HNRNPA1L2","ENSG00000273784","exon",0,0,0,0,0,0,0,"","missense_variant","downstream_gene_variant missense_variant non_coding_transcript_exon_variant","T/A","Aca/Gca"
"197","chr14","24145458",7,0,"GA",1.21538202830158e-05,7.51667039041902e-05,"PSME2","ENSG00000100911","exon UTR",1,0,0,3,0,0.805815766320203,0.9,"","missense_variant","upstream_gene_variant missense_variant non_coding_transcript_exon_variant 3_prime_UTR_variant NMD_transcript_variant 5_prime_UTR_variant downstream_gene_variant synonymous_variant","S/F L","tCc/tTc ctC/ctT"
"198","chr14","49585952",7,0,"TC AG",0.000116831613351537,0.000266224266972733,"RPS29","ENSG00000213741","exon",0,0,0,0,0,0,0,"","missense_variant","missense_variant splice_region_variant non_coding_transcript_exon_variant upstream_gene_variant","K/E","Aag/Gag"
"199","chr14","49586284",0,0,"GT",0.000690162410810797,0.000703424927143228,"RPS29","ENSG00000213741","exon",0,0,0,0,0,0,0,"","splice_donor_variant","splice_donor_variant intron_variant non_coding_transcript_exon_variant upstream_gene_variant","",""
"200","chr14","94378482",0,0,"GA",1.07720634925474e-05,7.26854459983028e-05,"SERPINA1","ENSG00000197249","exon UTR",0,1,2,0,2,0.937824207087886,0,"","synonymous_variant","synonymous_variant downstream_gene_variant 3_prime_UTR_variant NMD_transcript_variant","F","ttC/ttT"
"201","chr15","40036482",6,0,"TC",1.79354927246617e-07,6.00839006276166e-06,"SRP14","ENSG00000140319","exon",0,0,0,0,0,0,-1.9,"","missense_variant","downstream_gene_variant missense_variant upstream_gene_variant non_coding_transcript_exon_variant","R/G","Aga/Gga"
"202","chr15","63546870",0,0,"AG",0.000239386107567998,0.000423934868908966,"USP3","ENSG00000140455","intron",0,0,0,0,0,0,0.9,"","intron_variant","intron_variant NMD_transcript_variant non_coding_transcript_variant","",""
"203","chr15","64879983",0,0,"AG",0.000584245819742341,0.000677851622804011,"ENSG00000249240","ENSG00000249240","",0,0,0,0,0,0,0,"","intron_variant","intron_variant non_coding_transcript_variant","",""
"204","chr15","64880469",0,0,"AG",0.00069347731334053,0.000703424927143228,"ENSG00000249240","ENSG00000249240","",0,0,0,0,0,0,0.4,"","intron_variant","intron_variant non_coding_transcript_variant","",""
"205","chr15","90013286",0,0,"AG",0.000372690843403612,0.000522026895638509,"ZNF710","ENSG00000140548","intron",0,0,0,0,0,0,-1.9,"","intron_variant","intron_variant","",""
"206","chr15","91971212",0,0,"TC AG",0.000203369788809483,0.000385635165572698,"SLCO3A1","ENSG00000176463","intron",0,0,0,0,0,0,-1.9,"","intron_variant","intron_variant non_coding_transcript_variant","",""
"207","chr16","11837488",0,0,"TC",0.000654494536088168,0.000697857708763205,"RSL1D1","ENSG00000171490","exon UTR",0,0,0,0,0,0,-1.2,"","3_prime_UTR_variant","downstream_gene_variant 3_prime_UTR_variant","",""
"208","chr16","21639981",0,1,"AG TC",2.32527379107557e-05,0.000111280960001474,"METTL9","ENSG00000197006","intron",0,0,0,0,0,0,0,"","3_prime_UTR_variant","3_prime_UTR_variant intron_variant upstream_gene_variant downstream_gene_variant","",""
"209","chr16","21640184",0,0,"TC",0.000301733141319652,0.000464738401572797,"METTL9","ENSG00000197006","intron",0,0,0,0,0,0,-3,"","3_prime_UTR_variant","3_prime_UTR_variant intron_variant upstream_gene_variant downstream_gene_variant","",""
"210","chr16","21640219",0,1,"TC",0.000280220117394794,0.000455951144877458,"METTL9","ENSG00000197006","intron",0,0,0,0,0,0,0,"","3_prime_UTR_variant","3_prime_UTR_variant intron_variant upstream_gene_variant downstream_gene_variant","",""
"211","chr16","21640507",0,2,"TC",1.86609740138166e-05,0.000100022820714057,"METTL9","ENSG00000197006","intron",0,0,0,0,0,0,0,"","3_prime_UTR_variant","3_prime_UTR_variant intron_variant upstream_gene_variant downstream_gene_variant","",""
"212","chr16","29667523",0,0,"TC AG",0.000443954187253834,0.000587070997618557,"SPN","ENSG00000197471","exon UTR",0,0,0,0,0,-1.23914661051047,0.6,"","3_prime_UTR_variant","3_prime_UTR_variant downstream_gene_variant intron_variant upstream_gene_variant NMD_transcript_variant","",""
"213","chr16","3242200",0,0,"TC",3.13131805331516e-05,0.000128447944635989,"MEFV","ENSG00000103313","exon UTR",0,0,0,0,0,0,0,"","3_prime_UTR_variant","3_prime_UTR_variant downstream_gene_variant NMD_transcript_variant","",""
"214","chr16","56609367",5,0,"CT",0.00061196510230197,0.000683361030903866,"MT2A","ENSG00000125148","exon UTR",0,0,0,0,0,2.03491242864828,0,"","3_prime_UTR_variant","3_prime_UTR_variant non_coding_transcript_exon_variant downstream_gene_variant","",""
"215","chr16","56684020",0,0,"AG",5.11978988124556e-05,0.000167614710446473,"MT1X","ENSG00000187193","exon UTR",0,0,0,0,1,0,0,"","missense_variant","missense_variant downstream_gene_variant upstream_gene_variant 3_prime_UTR_variant NMD_transcript_variant intron_variant non_coding_transcript_variant non_coding_transcript_exon_variant","T/A","Acg/Gcg"
"216","chr16","56684025",0,0,"AG",0.000125288268389149,0.000279810466069099,"MT1X","ENSG00000187193","exon UTR",0,0,0,0,1,0,0,"","synonymous_variant","synonymous_variant downstream_gene_variant upstream_gene_variant 3_prime_UTR_variant NMD_transcript_variant intron_variant non_coding_transcript_variant non_coding_transcript_exon_variant","S","tcA/tcG"
"217","chr16","56684043",0,0,"TC",1.17789330618473e-05,7.39864232947287e-05,"MT1X","ENSG00000187193","exon UTR",0,0,0,0,1,0,0,"","synonymous_variant","synonymous_variant downstream_gene_variant upstream_gene_variant 3_prime_UTR_variant NMD_transcript_variant intron_variant non_coding_transcript_variant non_coding_transcript_exon_variant","C","tgT/tgC"
"218","chr16","56684053",0,0,"CT",4.15211730509892e-05,0.000151741014240888,"MT1X","ENSG00000187193","exon UTR",0,0,0,0,1,0,1.8,"","3_prime_UTR_variant","3_prime_UTR_variant downstream_gene_variant upstream_gene_variant NMD_transcript_variant intron_variant non_coding_transcript_variant non_coding_transcript_exon_variant","",""
"219","chr16","56684054",0,0,"AG",9.19969287322089e-05,0.00024171742059051,"MT1X","ENSG00000187193","exon UTR",0,0,0,0,1,0,0,"","3_prime_UTR_variant","3_prime_UTR_variant downstream_gene_variant upstream_gene_variant NMD_transcript_variant intron_variant non_coding_transcript_variant non_coding_transcript_exon_variant","",""
"220","chr16","56684062",0,0,"TC",0.000128335951717251,0.000283467321924917,"MT1X","ENSG00000187193","exon UTR",0,0,0,0,1,0,2.7,"","3_prime_UTR_variant","3_prime_UTR_variant downstream_gene_variant upstream_gene_variant NMD_transcript_variant intron_variant non_coding_transcript_variant non_coding_transcript_exon_variant","",""
"221","chr16","56684064",0,0,"TC",0.000186967026906408,0.0003596207885951,"MT1X","ENSG00000187193","exon UTR",0,0,0,0,1,0,0,"","3_prime_UTR_variant","3_prime_UTR_variant downstream_gene_variant upstream_gene_variant NMD_transcript_variant intron_variant non_coding_transcript_variant non_coding_transcript_exon_variant","",""
"222","chr16","67995734",0,1,"AG TC",0.000356116178078504,0.000509461578603412,"DPEP2","ENSG00000167261","intron",2,0,1,0,5,-0.803213769652488,5.2,"","intron_variant","intron_variant non_coding_transcript_variant upstream_gene_variant NMD_transcript_variant","",""
"223","chr16","75446009",0,1,"TC AG",2.40866326938598e-05,0.000112133011774804,"TMEM170A","ENSG00000261717","exon UTR",0,0,0,0,0,0,-0.4,"","3_prime_UTR_variant","3_prime_UTR_variant intron_variant non_coding_transcript_variant downstream_gene_variant NMD_transcript_variant","",""
"224","chr16","9106548",0,0,"AG",0.000563580021031987,0.000670293397795441,"C16orf72","ENSG00000182831","exon UTR",0,0,0,0,0,0,0,"","3_prime_UTR_variant","intron_variant non_coding_transcript_exon_variant 3_prime_UTR_variant","",""
"225","chr17","28669843",0,8,"AG TC",0.000405104407149691,0.000551197514523722,"SUPT6H","ENSG00000109111","intron",0,0,0,0,0,0,0.4,"","intron_variant","intron_variant upstream_gene_variant downstream_gene_variant","",""
"226","chr17","38753212",1,0,"CT",1.08485740295974e-05,7.26854459983028e-05,"PSMB3","ENSG00000277791","exon",0,0,1,0,2,0,0,"","synonymous_variant","synonymous_variant downstream_gene_variant NMD_transcript_variant upstream_gene_variant","I","atC/atT"
"227","chr17","38850455",12,0,"GA",0.000277503716978236,0.000455951144877458,"RPL23","ENSG00000125691","exon",0,0,0,1,0,0,1.4,"","stop_gained","stop_gained downstream_gene_variant intron_variant upstream_gene_variant non_coding_transcript_exon_variant","R/*","Cga/Tga"
"228","chr17","38850459",12,0,"GT GA",0.000489525950970772,0.000621430650668098,"RPL23","ENSG00000125691","exon",0,0,0,1,0,0,-3.6,"","synonymous_variant","synonymous_variant downstream_gene_variant intron_variant upstream_gene_variant non_coding_transcript_exon_variant","V","gtC/gtA"
"229","chr17","38852718",7,0,"AC AG TC TG",0.000305479830674389,0.000467472733896349,"RPL23","ENSG00000125691","exon UTR",0,0,0,1,0,0,0,"","missense_variant","5_prime_UTR_variant downstream_gene_variant missense_variant upstream_gene_variant non_coding_transcript_exon_variant","Y/D","Tat/Gat"
"230","chr17","41690179",11,0,"TA TC",0.000657710325930766,0.000697857708763205,"EIF1","ENSG00000173812","exon",0,0,0,0,1,0,2.6,"","missense_variant","non_coding_transcript_exon_variant missense_variant","F/Y","tTc/tAc"
"231","chr17","41690185",11,0,"TC TG",8.45615308514443e-05,0.000226624902681871,"EIF1","ENSG00000173812","exon",0,0,0,0,1,0,0,"","missense_variant","non_coding_transcript_exon_variant missense_variant","V/A","gTa/gCa"
"232","chr17","41690807",0,0,"TG",0.000186310786614596,0.0003596207885951,"EIF1","ENSG00000173812","exon",0,0,0,0,1,0,0,"","missense_variant","non_coding_transcript_exon_variant missense_variant downstream_gene_variant","L/R","cTg/cGg"
"233","chr17","41690808",0,0,"GC",0.000143523556759382,0.000305272327075512,"EIF1","ENSG00000173812","exon",0,0,0,0,1,0,0.0999999999999996,"","synonymous_variant","non_coding_transcript_exon_variant synonymous_variant downstream_gene_variant","L","ctG/ctC"
"234","chr17","41690810",0,0,"AG",9.44468018548344e-05,0.000244952350617054,"EIF1","ENSG00000173812","exon",0,0,0,0,1,0,0,"","missense_variant","non_coding_transcript_exon_variant missense_variant downstream_gene_variant","K/R","aAg/aGg"
"235","chr17","41690811",0,0,"GA",0.000219738404844072,0.00040335542806994,"EIF1","ENSG00000173812","exon",0,0,0,0,1,0,-3,"","synonymous_variant","non_coding_transcript_exon_variant synonymous_variant downstream_gene_variant","K","aaG/aaA"
"236","chr17","42998440",0,0,"TC",7.60698017656731e-05,0.000215352537392962,"RPL27","ENSG00000131469","exon UTR",0,0,0,0,0,0,-2.5,"","5_prime_UTR_variant","5_prime_UTR_variant downstream_gene_variant upstream_gene_variant non_coding_transcript_exon_variant NMD_transcript_variant intron_variant","",""
"237","chr17","42998445",0,0,"GT",1.5000078512246e-06,2.23334502293441e-05,"RPL27","ENSG00000131469","exon UTR",0,0,0,0,0,0,-1,"","5_prime_UTR_variant","5_prime_UTR_variant downstream_gene_variant upstream_gene_variant non_coding_transcript_exon_variant NMD_transcript_variant intron_variant","",""
"238","chr17","5207795",0,1,"TC AG",0.000405856876365725,0.000551197514523722,"ZNF594-DT","ENSG00000261879","intron",0,0,0,0,0,0,0,"","intron_variant","downstream_gene_variant intron_variant non_coding_transcript_variant","",""
"239","chr17","5213368",0,0,"TC",0.000494115287700796,0.000622678199547711,"ZNF594-DT","ENSG00000261879","intron",0,0,0,0,0,0,-1.3,"","3_prime_UTR_variant","intron_variant non_coding_transcript_variant 3_prime_UTR_variant downstream_gene_variant upstream_gene_variant","",""
"240","chr17","5213410",0,0,"TC",0.000110836522953705,0.00026056305396134,"ZNF594-DT","ENSG00000261879","intron",0,0,0,0,0,0,0,"","3_prime_UTR_variant","intron_variant non_coding_transcript_variant 3_prime_UTR_variant downstream_gene_variant upstream_gene_variant","",""
"241","chr17","5213629",0,1,"TC",9.7990438509015e-05,0.000249115810447686,"ZNF594-DT","ENSG00000261879","intron",0,0,0,0,0,0,2.9,"","3_prime_UTR_variant","intron_variant non_coding_transcript_variant 3_prime_UTR_variant downstream_gene_variant upstream_gene_variant","",""
"242","chr17","59203477",0,2,"AG TC",0.000429622240001101,0.000575693801601476,"PRR11","ENSG00000068489","exon UTR",0,0,0,1,0,0,0,"","3_prime_UTR_variant","3_prime_UTR_variant intron_variant non_coding_transcript_variant NMD_transcript_variant","",""
"243","chr17","7240849",12,0,"CT CA",0.000281283293357237,0.000455951144877458,"GABARAP","ENSG00000170296","exon UTR",0,0,0,0,0,0,0,"","3_prime_UTR_variant","3_prime_UTR_variant downstream_gene_variant upstream_gene_variant NMD_transcript_variant","",""
"244","chr17","74203957",12,0,"TC TA",0.000525381395237208,0.000647862947501096,"RPL38","ENSG00000172809","exon start_codon",0,0,0,0,0,0,-2.3,"","start_lost","start_lost splice_region_variant non_coding_transcript_exon_variant","M/T","aTg/aCg"
"245","chr17","74622346",0,0,"TC AG",0.000651063773152206,0.000697857708763205,"CD300E","ENSG00000186407","intron",0,0,0,0,0,0,0.0999999999999996,"","intron_variant","intron_variant upstream_gene_variant","",""
"246","chr17","75356373",0,0,"TC",0.000699673753028293,0.000703424927143228,"GRB2","ENSG00000177885","intron",0,0,0,0,0,0,0,"","intron_variant","intron_variant non_coding_transcript_variant NMD_transcript_variant","",""
"247","chr17","75779778",0,0,"AG",0.000298698972479663,0.00046361771018079,"H3-3B","ENSG00000132475","exon UTR",0,0,0,1,0,1.0163838581055,0,"","5_prime_UTR_variant","5_prime_UTR_variant downstream_gene_variant upstream_gene_variant intron_variant non_coding_transcript_exon_variant","",""
"248","chr17","7580265",12,0,"TC",0.000454651629838835,0.000595341873600038,"CD68","ENSG00000264772","exon",0,0,0,0,0,0,-2.6,"","missense_variant","missense_variant upstream_gene_variant downstream_gene_variant non_coding_transcript_exon_variant","C/R","Tgt/Cgt"
"249","chr17","7581666",11,0,"AG",3.40580321083861e-05,0.000138296251591628,"CD68","ENSG00000264772","exon UTR",0,0,0,0,0,0,-1.2,"","3_prime_UTR_variant","3_prime_UTR_variant upstream_gene_variant downstream_gene_variant non_coding_transcript_exon_variant","",""
"250","chr17","7581693",7,0,"AG",0.000168835559660207,0.000337231785514675,"CD68","ENSG00000264772","exon UTR",0,0,0,0,0,0,0,"","3_prime_UTR_variant","3_prime_UTR_variant upstream_gene_variant downstream_gene_variant non_coding_transcript_exon_variant","",""
"251","chr17","80273230",0,9,"AG TC",0.000167014558296981,0.000335699262176932,"RNF213","ENSG00000173821","intron",0,0,0,0,1,1.23883397754534,0,"","splice_polypyrimidine_tract_variant","splice_polypyrimidine_tract_variant intron_variant","",""
"252","chr17","80273231",0,9,"CG GC",0.000133137126262241,0.000287747982566779,"RNF213","ENSG00000173821","intron",0,0,0,0,1,1.23883397754534,3.5,"","","","",""
"253","chr17","80273236",0,9,"AT TA",0.000534809501722989,0.000649582735768542,"RNF213","ENSG00000173821","intron",0,0,0,0,1,1.23883397754534,0,"","","","",""
"254","chr17","80273237",0,8,"TC AG",0.000115809732539288,0.000266224266972733,"RNF213","ENSG00000173821","intron",0,0,0,0,1,1.23883397754534,-0.0999999999999996,"","splice_polypyrimidine_tract_variant","splice_polypyrimidine_tract_variant splice_region_variant intron_variant","",""
"255","chr17","81510738",12,0,"CG CA",0.000652722659607214,0.000697857708763205,"ACTG1","ENSG00000184009","exon UTR",0,0,0,0,0,0,1,"","missense_variant","upstream_gene_variant missense_variant 3_prime_UTR_variant NMD_transcript_variant non_coding_transcript_exon_variant","Q/H","caG/caC"
"256","chr18","46098297",0,0,"CG",0.000618410976691309,0.000686222129905455,"ATP5F1A","ENSG00000152234","exon UTR",1,1,0,0,0,0,2,"","","","",""
"257","chr18","50950741",0,1,"TC AG",0.000634429039666909,0.000696831896027589,"ME2","ENSG00000082212","exon UTR",0,0,0,0,0,0,1.1,"","3_prime_UTR_variant","3_prime_UTR_variant downstream_gene_variant","",""
"258","chr19","14638314",0,0,"AG TC",3.87076355507768e-06,3.89011737285307e-05,"ADGRE3","ENSG00000131355","exon",0,0,0,0,1,-2.85656358186702,0,"","synonymous_variant","synonymous_variant","A","gcT/gcC"
"259","chr19","14638316",0,0,"CT GA",4.5500914781834e-06,4.24013448170709e-05,"ADGRE3","ENSG00000131355","exon",0,0,0,0,1,-2.85656358186702,0,"","missense_variant","missense_variant","A/T","Gct/Act"
"260","chr19","16634574",0,0,"TC",5.12850979724284e-05,0.000167614710446473,"SMIM7","ENSG00000268790","intron",0,1,0,1,1,0,-3,"","non_coding_transcript_exon_variant","intron_variant NMD_transcript_variant non_coding_transcript_variant non_coding_transcript_exon_variant upstream_gene_variant","",""
"261","chr19","18177741",6,0,"AG",3.09781934521831e-08,1.75222898495555e-06,"IFI30","ENSG00000268173","exon",0,0,0,1,0,0,0,"","missense_variant","missense_variant 3_prime_UTR_variant NMD_transcript_variant downstream_gene_variant non_coding_transcript_exon_variant","T/A","Acc/Gcc"
"262","chr19","35907576",10,0,"GA CG CA GC CT",6.1564788203185e-05,0.00018622471259083,"TYROBP","ENSG00000011600","exon",3,0,0,0,2,0,0,"","missense_variant","downstream_gene_variant synonymous_variant non_coding_transcript_exon_variant missense_variant NMD_transcript_variant upstream_gene_variant","C A/V","tgC/tgT gCa/gTa"
"263","chr19","35908263",0,0,"CG",0.000368457674239247,0.000521452104471438,"TYROBP","ENSG00000011600","exon UTR",3,0,0,0,2,0,-3.4,"","","","",""
"264","chr19","39433735",8,0,"GA GC",0.000246404412348087,0.000425126926025455,"RPS16","ENSG00000105193","exon",0,0,0,0,0,0,0,"","synonymous_variant","synonymous_variant upstream_gene_variant non_coding_transcript_exon_variant","G","ggC/ggT"
"265","chr19","48966374",12,0,"CT",0.000103801066529317,0.000251373667137262,"FTL","ENSG00000087086","exon",0,0,0,0,0,0.637889900837618,0,"","missense_variant","downstream_gene_variant missense_variant","H/Y","Cat/Tat"
"266","chr19","48966642",12,0,"GT",0.000544347320944484,0.000651272687558579,"FTL","ENSG00000087086","exon",0,0,0,0,0,0.637889900837618,4,"","missense_variant","downstream_gene_variant missense_variant","M/I","atG/atT"
"267","chr19","49497287",11,0,"TC TA TG",2.24602145506594e-05,0.000110244687977864,"RPS11","ENSG00000142534","exon UTR",0,0,0,2,0,0,0,"","splice_donor_5th_base_variant","missense_variant upstream_gene_variant downstream_gene_variant 5_prime_UTR_variant non_coding_transcript_exon_variant splice_donor_5th_base_variant intron_variant synonymous_variant NMD_transcript_variant","Y/H T","Tac/Cac acT/acC"
"268","chr19","55319696",0,0,"TC AG",2.16700065862166e-05,0.000108891783095739,"TMEM150B","ENSG00000180061","exon",0,0,0,0,1,0,2.5,"","non_coding_transcript_exon_variant","intron_variant NMD_transcript_variant non_coding_transcript_exon_variant","",""
"269","chr2","101004180",9,0,"CT",0.000568970436104266,0.000672723868570338,"RPL31","ENSG00000071082","exon",0,0,0,0,0,0,1.2,"","missense_variant","missense_variant downstream_gene_variant NMD_transcript_variant upstream_gene_variant","R/W","Cgg/Tgg"
"270","chr2","101271398",0,0,"TC",0.000680602574177056,0.000703424927143228,"RNF149","ENSG00000163162","exon UTR",0,0,0,0,0,0,0,"","3_prime_UTR_variant","downstream_gene_variant 3_prime_UTR_variant NMD_transcript_variant non_coding_transcript_exon_variant","",""
"271","chr2","144493696",0,0,"TC",0.000684367950155119,0.000703424927143228,"ZEB2","ENSG00000169554","intron",0,0,2,0,4,0,1,"","intron_variant","intron_variant NMD_transcript_variant non_coding_transcript_variant downstream_gene_variant","",""
"272","chr2","144493701",0,0,"AG",0.000491579469931481,0.000621430650668098,"ZEB2","ENSG00000169554","intron",0,0,2,0,4,0,-3.5,"","intron_variant","intron_variant NMD_transcript_variant non_coding_transcript_variant downstream_gene_variant","",""
"273","chr2","159437700",0,0,"AG TC",0.000472830335319891,0.000607277299676026,"BAZ2B","ENSG00000123636","exon",0,0,1,0,5,0,-1.4,"","non_coding_transcript_exon_variant","intron_variant upstream_gene_variant non_coding_transcript_exon_variant downstream_gene_variant","",""
"274","chr2","159770174",0,0,"TC",2.87378770308702e-05,0.000124800003401515,"MARCHF7","ENSG00000136536","exon UTR",0,0,0,0,1,0,0,"","3_prime_UTR_variant","3_prime_UTR_variant downstream_gene_variant non_coding_transcript_exon_variant","",""
"275","chr2","196134255",1,0,"TC",4.13169146605671e-06,4.05107309598731e-05,"STK17B","ENSG00000081320","exon UTR",0,0,0,0,0,0,0,"","3_prime_UTR_variant","3_prime_UTR_variant downstream_gene_variant","",""
"276","chr2","206159894",0,0,"TG",8.25685176545224e-06,6.48345354537241e-05,"EEF1B2","ENSG00000114942","exon",0,0,0,0,0,0,1.1,"","non_coding_transcript_exon_variant","upstream_gene_variant intron_variant NMD_transcript_variant non_coding_transcript_exon_variant non_coding_transcript_variant","",""
"277","chr2","218235856",0,0,"AG",0.000108016694249665,0.000257430387072177,"ARPC2","ENSG00000163466","exon",0,0,1,0,1,0,1.2,"","non_coding_transcript_exon_variant","intron_variant NMD_transcript_variant downstream_gene_variant upstream_gene_variant non_coding_transcript_variant non_coding_transcript_exon_variant","",""
"278","chr2","230512895",0,0,"AG",2.85554386745986e-06,3.18936912676441e-05,"SP100","ENSG00000067066","intron",0,0,0,0,6,0.898430053107076,-2.2,"","intron_variant","intron_variant downstream_gene_variant non_coding_transcript_variant upstream_gene_variant","",""
"279","chr2","60897433",0,0,"AG",0.000601841075836721,0.00067960705754596,"REL","ENSG00000162924","intron",0,0,0,0,0,0,0,"","intron_variant","intron_variant NMD_transcript_variant","",""
"280","chr2","69742133",0,0,"TG",0.000307439021559041,0.000467472733896349,"ANXA4","ENSG00000196975","exon UTR",0,0,0,0,0,1.12245884938331,-1.3,"","5_prime_UTR_variant","upstream_gene_variant 5_prime_UTR_variant intron_variant non_coding_transcript_variant non_coding_transcript_exon_variant NMD_transcript_variant","",""
"281","chr2","85595754",0,0,"CG",0.00048912485274962,0.000621430650668098,"RNF181","ENSG00000168894","exon UTR",0,0,0,0,0,0,-0.200000000000001,"","5_prime_UTR_variant","downstream_gene_variant 5_prime_UTR_variant upstream_gene_variant non_coding_transcript_exon_variant","",""
"282","chr2","99181052",0,0,"CG",0.000139479012019311,0.000299842581988038,"MITD1","ENSG00000241962","exon UTR",0,0,0,1,0,0,-2,"","","","",""
"283","chr2","99181053",0,0,"AG",0.00041079494236583,0.000556025477545669,"MITD1","ENSG00000241962","exon UTR",0,0,0,1,0,0,-2.2,"","5_prime_UTR_variant","5_prime_UTR_variant upstream_gene_variant intron_variant NMD_transcript_variant","",""
"284","chr2","99196568",0,1,"AG TC",9.91104276854947e-05,0.000249115810447686,"MRPL30","ENSG00000241962","exon UTR",0,0,0,0,0,0,0,"","3_prime_UTR_variant","3_prime_UTR_variant downstream_gene_variant NMD_transcript_variant intron_variant non_coding_transcript_exon_variant","",""
"285","chr20","35713264",1,0,"TC",7.73708871518424e-05,0.000217383048086259,"RBM39","ENSG00000131051","exon",3,1,2,1,8,0,0,"","non_coding_transcript_exon_variant","intron_variant NMD_transcript_variant non_coding_transcript_variant non_coding_transcript_exon_variant upstream_gene_variant downstream_gene_variant","",""
"286","chr20","35713270",0,0,"TC",8.75183728790715e-05,0.000232995933095276,"RBM39","ENSG00000131051","exon",3,1,2,1,8,0,-3.3,"","non_coding_transcript_exon_variant","intron_variant NMD_transcript_variant non_coding_transcript_variant non_coding_transcript_exon_variant upstream_gene_variant downstream_gene_variant","",""
"287","chr20","35713558",0,0,"TC AG",0.0002782805031263,0.000455951144877458,"RBM39","ENSG00000131051","intron",3,1,2,1,8,0,-0.399999999999999,"","intron_variant","intron_variant NMD_transcript_variant non_coding_transcript_variant upstream_gene_variant","",""
"288","chr20","36890597",0,0,"TC",0.000568356376643332,0.000672723868570338,"TLDC2","ENSG00000101342","intron",0,0,0,0,0,0,2,"","3_prime_UTR_variant","intron_variant 3_prime_UTR_variant downstream_gene_variant NMD_transcript_variant non_coding_transcript_exon_variant","",""
"289","chr20","36891632",2,0,"TC",0.000402996418189011,0.000551035918748239,"TLDC2","ENSG00000101342","intron",0,0,0,0,0,0,4,"","3_prime_UTR_variant","intron_variant 3_prime_UTR_variant downstream_gene_variant NMD_transcript_variant non_coding_transcript_exon_variant","",""
"290","chr20","36891816",0,0,"TC",0.000244754612932506,0.00042410066551236,"TLDC2","ENSG00000101342","intron",0,0,0,0,0,0,0,"","splice_polypyrimidine_tract_variant","intron_variant 3_prime_UTR_variant downstream_gene_variant NMD_transcript_variant splice_polypyrimidine_tract_variant non_coding_transcript_exon_variant","",""
"291","chr20","36891820",0,0,"TC",0.000102563322763909,0.000249881550006615,"TLDC2","ENSG00000101342","intron",0,0,0,0,0,0,0.200000000000001,"","splice_polypyrimidine_tract_variant","intron_variant 3_prime_UTR_variant downstream_gene_variant NMD_transcript_variant splice_polypyrimidine_tract_variant non_coding_transcript_exon_variant","",""
"292","chr20","36891826",0,0,"TC",3.79309504807084e-05,0.000141187426789303,"TLDC2","ENSG00000101342","intron",0,0,0,0,0,0,-2.9,"","3_prime_UTR_variant","intron_variant 3_prime_UTR_variant downstream_gene_variant NMD_transcript_variant non_coding_transcript_exon_variant","",""
"293","chr20","36892574",0,0,"TC",0.000231784245698366,0.000414121185647747,"TLDC2","ENSG00000101342","intron",0,0,0,0,0,0,-3.7,"","splice_donor_5th_base_variant","intron_variant 3_prime_UTR_variant downstream_gene_variant NMD_transcript_variant splice_donor_5th_base_variant non_coding_transcript_exon_variant","",""
"294","chr20","37519131",0,0,"TC AG",0.000673642748500484,0.000703424927143228,"BLCAP","ENSG00000166619","exon",0,0,0,0,0,0,3.9,"","missense_variant","upstream_gene_variant missense_variant downstream_gene_variant intron_variant non_coding_transcript_variant","K/R","aAg/aGg"
"295","chr20","3869848",0,1,"AG",0.000124913954594977,0.000279810466069099,"MAVS","ENSG00000088888","exon UTR",0,0,0,0,0,0,0,"","3_prime_UTR_variant","3_prime_UTR_variant","",""
"296","chr20","50912311",0,1,"TC AG",0.000598123216408652,0.000677851622804011,"ADNP","ENSG00000101126","intron",0,0,0,0,0,0,-0.7,"","intron_variant","upstream_gene_variant intron_variant non_coding_transcript_variant","",""
"297","chr20","59028762",9,0,"GA GT",0.000435038929257032,0.000581015447047598,"ATP5F1E","ENSG00000124172","exon UTR",0,0,0,0,0,0,0,"","3_prime_UTR_variant","downstream_gene_variant 3_prime_UTR_variant intron_variant","",""
"298","chr22","35660551",0,0,"AG",0.000127256607064571,0.000282636221215235,"APOL6","ENSG00000221963","exon UTR",0,0,0,0,0,0.784399525018002,0.0999999999999996,"","3_prime_UTR_variant","3_prime_UTR_variant","",""
"299","chr22","35660685",0,0,"AG",2.61626984360994e-05,0.00011781278172907,"APOL6","ENSG00000221963","exon UTR",0,0,0,0,0,0.784399525018002,-2.1,"","3_prime_UTR_variant","3_prime_UTR_variant","",""
"300","chr22","35660703",0,0,"AG",0.000292736820064329,0.00046361771018079,"APOL6","ENSG00000221963","exon UTR",0,0,0,0,0,0.784399525018002,0,"","3_prime_UTR_variant","3_prime_UTR_variant","",""
"301","chr22","37678604",12,0,"AG AC",0.000289377172339826,0.00046361771018079,"LGALS1","ENSG00000100097","exon UTR",0,0,0,0,1,0.925255178000703,-3,"","missense_variant","missense_variant 3_prime_UTR_variant NMD_transcript_variant downstream_gene_variant non_coding_transcript_exon_variant upstream_gene_variant","T/A","Acc/Gcc"
"302","chr22","39018749",0,0,"AG",5.50252892331334e-05,0.000171474157145113,"APOBEC3C","ENSG00000244509","exon UTR",0,0,0,0,0,0,0,"","3_prime_UTR_variant","upstream_gene_variant 3_prime_UTR_variant intron_variant NMD_transcript_variant","",""
"303","chr22","39018767",0,0,"AG",3.77811539067833e-06,3.89011737285307e-05,"APOBEC3C","ENSG00000244509","exon UTR",0,0,0,0,0,0,0.0999999999999996,"","3_prime_UTR_variant","upstream_gene_variant 3_prime_UTR_variant intron_variant NMD_transcript_variant","",""
"304","chr22","39018907",0,0,"AG",5.25021335220948e-05,0.000168846861407057,"APOBEC3C","ENSG00000244509","exon UTR",0,0,0,0,0,0,-2.1,"","3_prime_UTR_variant","upstream_gene_variant 3_prime_UTR_variant intron_variant NMD_transcript_variant","",""
"305","chr22","39019869",0,0,"AG",1.95556437834862e-05,0.000103439063170545,"APOBEC3C","ENSG00000244509","exon UTR",0,0,0,0,0,0,0,"","3_prime_UTR_variant","upstream_gene_variant 3_prime_UTR_variant intron_variant downstream_gene_variant","",""
"306","chr22","39019880",0,0,"AG",0.000267934412651225,0.000448790141190801,"APOBEC3C","ENSG00000244509","exon UTR",0,0,0,0,0,0,0,"","3_prime_UTR_variant","upstream_gene_variant 3_prime_UTR_variant intron_variant downstream_gene_variant","",""
"307","chr22","39019886",0,0,"AG",4.30234022740751e-07,1.01737692436342e-05,"APOBEC3C","ENSG00000244509","exon UTR",0,0,0,0,0,0,-3,"","3_prime_UTR_variant","upstream_gene_variant 3_prime_UTR_variant intron_variant downstream_gene_variant","",""
"308","chr22","39019976",3,0,"AG",4.31584512180417e-05,0.000153347392539659,"APOBEC3C","ENSG00000244509","exon UTR",0,0,0,0,0,0,-0.7,"","3_prime_UTR_variant","upstream_gene_variant 3_prime_UTR_variant intron_variant downstream_gene_variant","",""
"309","chr22","39020018",0,0,"AG",0.000318333606873131,0.00047409402453992,"APOBEC3C","ENSG00000244509","exon UTR",0,0,0,0,0,0,-1.7,"","3_prime_UTR_variant","upstream_gene_variant 3_prime_UTR_variant intron_variant downstream_gene_variant","",""
"310","chr22","39020048",0,0,"AG",1.26258620257295e-05,7.69029777930795e-05,"APOBEC3C","ENSG00000244509","exon UTR",0,0,0,0,0,0,0,"","3_prime_UTR_variant","upstream_gene_variant 3_prime_UTR_variant intron_variant downstream_gene_variant","",""
"311","chr22","39020058",0,0,"AG",9.74379101239099e-06,7.25371108700218e-05,"APOBEC3C","ENSG00000244509","exon UTR",0,0,0,0,0,0,-1.9,"","3_prime_UTR_variant","upstream_gene_variant 3_prime_UTR_variant intron_variant downstream_gene_variant","",""
"312","chr22","39020067",1,0,"AG",0.000496144420175932,0.000623281427846014,"APOBEC3C","ENSG00000244509","exon UTR",0,0,0,0,0,0,0,"","3_prime_UTR_variant","upstream_gene_variant 3_prime_UTR_variant intron_variant downstream_gene_variant","",""
"313","chr22","39020070",0,0,"AG",1.34388599597334e-06,2.16096868152514e-05,"APOBEC3C","ENSG00000244509","exon UTR",0,0,0,0,0,0,0,"","3_prime_UTR_variant","upstream_gene_variant 3_prime_UTR_variant intron_variant downstream_gene_variant","",""
"314","chr22","39020072",0,0,"AG",4.38523045609233e-06,4.19729200797409e-05,"APOBEC3C","ENSG00000244509","exon UTR",0,0,0,0,0,0,0,"","3_prime_UTR_variant","upstream_gene_variant 3_prime_UTR_variant intron_variant downstream_gene_variant","",""
"315","chr22","39314179",6,0,"GA",0.000113154028829686,0.000264464648776358,"RPL3","ENSG00000100316","exon",1,0,0,1,1,-0.749330888793205,0,"","synonymous_variant","synonymous_variant upstream_gene_variant downstream_gene_variant non_coding_transcript_exon_variant","I","atC/atT"
"316","chr22","41205311",0,0,"CG",0.000108828852282969,0.000257430387072177,"L3MBTL2","ENSG00000100395","exon",0,0,0,0,1,0,0.4,"","non_coding_transcript_exon_variant","upstream_gene_variant downstream_gene_variant non_coding_transcript_exon_variant","",""
"317","chr3","10153249",0,1,"AG",0.000677294070489641,0.000703424927143228,"VHL","ENSG00000134086","exon UTR",0,0,0,0,0,0,-1.5,"","3_prime_UTR_variant","3_prime_UTR_variant downstream_gene_variant non_coding_transcript_exon_variant","",""
"318","chr3","10153350",0,0,"AG",0.000583459054559465,0.000677851622804011,"VHL","ENSG00000134086","exon UTR",0,0,0,0,0,0,-1.7,"","3_prime_UTR_variant","3_prime_UTR_variant downstream_gene_variant upstream_gene_variant","",""
"319","chr3","10153381",0,0,"AG",0.000581103071844074,0.000677851622804011,"VHL","ENSG00000134086","exon UTR",0,0,0,0,0,0,0,"","3_prime_UTR_variant","3_prime_UTR_variant downstream_gene_variant upstream_gene_variant","",""
"320","chr3","150627664",0,0,"AG",2.25044675657873e-05,0.000110244687977864,"SELENOT","ENSG00000198843","exon UTR",0,0,0,0,1,0,-1.9,"","3_prime_UTR_variant","non_coding_transcript_exon_variant 3_prime_UTR_variant NMD_transcript_variant","",""
"321","chr3","150628170",3,0,"TG",0.000501468653180278,0.000628007472207077,"SELENOT","ENSG00000198843","exon UTR",0,0,0,0,1,0,-0.7,"","3_prime_UTR_variant","downstream_gene_variant 3_prime_UTR_variant","",""
"322","chr3","150628173",3,0,"TC",0.000679866891141307,0.000703424927143228,"SELENOT","ENSG00000198843","exon UTR",0,0,0,0,1,0,0,"","3_prime_UTR_variant","downstream_gene_variant 3_prime_UTR_variant","",""
"323","chr3","150628174",3,0,"GA",0.0005891840307723,0.000677851622804011,"SELENOT","ENSG00000198843","exon UTR",0,0,0,0,1,0,0,"","3_prime_UTR_variant","downstream_gene_variant 3_prime_UTR_variant","",""
"324","chr3","42031558",0,2,"AG TC",0.000116318318255627,0.000266224266972733,"TRAK1","ENSG00000182606","intron",0,0,0,0,0,0,0,"","intron_variant","intron_variant","",""
"325","chr3","49321737",1,0,"TC",0.000295588823214557,0.00046361771018079,"USP4","ENSG00000114316","intron",0,0,1,0,3,0,0,"","intron_variant","intron_variant upstream_gene_variant downstream_gene_variant non_coding_transcript_variant","",""
"326","chr3","49321973",0,0,"TC",1.28431546113296e-06,2.1512283973977e-05,"USP4","ENSG00000114316","intron",0,0,1,0,3,0,-3.7,"","intron_variant","intron_variant upstream_gene_variant downstream_gene_variant non_coding_transcript_variant","",""
"327","chr3","51495987",0,2,"TC",0.000593740388728407,0.000677851622804011,"DCAF1","ENSG00000145041","intron",0,0,0,0,0,0,0,"","intron_variant","intron_variant","",""
"328","chr4","121668171",0,0,"TA",0.000658646891027792,0.000697857708763205,"ANXA5","ENSG00000164111","exon UTR",0,0,0,0,1,0,1.6,"","3_prime_UTR_variant","3_prime_UTR_variant NMD_transcript_variant downstream_gene_variant","",""
"329","chr4","19814052",0,10,"TC AG",0.000458145813263543,0.000597085895968302,"ENSG00000248515","ENSG00000248515","",0,0,0,0,0,0,0,"","non_coding_transcript_exon_variant","non_coding_transcript_exon_variant intron_variant non_coding_transcript_variant","",""
"330","chr4","2839838",0,0,"AG",0.000310485621766978,0.000467472733896349,"SH3BP2","ENSG00000087266","exon UTR",0,0,0,0,0,0,-2,"","3_prime_UTR_variant","upstream_gene_variant 3_prime_UTR_variant","",""
"331","chr4","2839971",0,0,"AG",0.000261238085344726,0.000439404645642593,"SH3BP2","ENSG00000087266","exon UTR",0,0,0,0,0,0,-1.9,"","3_prime_UTR_variant","upstream_gene_variant 3_prime_UTR_variant","",""
"332","chr4","83094751",12,0,"GT GA",0.00032043145735199,0.00047532636847048,"PLAC8","ENSG00000145287","exon",0,0,1,0,0,2.83915506441898,0,"","missense_variant","missense_variant non_coding_transcript_exon_variant","P/H","cCt/cAt"
"333","chr5","122807030",0,0,"AG",0.000351987610157264,0.000505353640297215,"SNX2","ENSG00000205302","intron",0,0,0,0,0,0,0,"","intron_variant","intron_variant downstream_gene_variant non_coding_transcript_variant NMD_transcript_variant","",""
"334","chr5","150412657",12,0,"CT CA",0.000132392507532957,0.000287685340693237,"CD74","ENSG00000019582","exon",0,2,5,1,3,0,0.200000000000001,"","synonymous_variant","synonymous_variant non_coding_transcript_exon_variant NMD_transcript_variant","P","ccC/ccA"
"335","chr5","150412754",0,0,"CG",0.000208324000119184,0.000391337607700524,"CD74","ENSG00000019582","exon UTR",0,2,5,1,3,0,0.800000000000001,"","","","",""
"336","chr5","150412755",0,0,"TG",0.000561637155896345,0.000669964797241337,"CD74","ENSG00000019582","exon UTR",0,2,5,1,3,0,1.8,"","5_prime_UTR_variant","5_prime_UTR_variant upstream_gene_variant non_coding_transcript_exon_variant","",""
"337","chr5","150446943",12,0,"GA GT",6.23568864058366e-05,0.00018707065921751,"RPS14","ENSG00000164587","exon",0,0,0,0,0,0,-5.1,"","missense_variant","missense_variant NMD_transcript_variant non_coding_transcript_exon_variant upstream_gene_variant","T/I","aCt/aTt"
"338","chr5","150449727",10,0,"TG TC",0.0003004803573349,0.000464588860187037,"RPS14","ENSG00000164587","exon UTR",0,0,0,0,0,0,0,"","5_prime_UTR_variant","upstream_gene_variant 5_prime_UTR_variant non_coding_transcript_exon_variant","",""
"339","chr5","151268664",0,0,"AG",9.97702623932274e-05,0.000249115810447686,"GM2A","ENSG00000196743","exon UTR",0,0,0,0,0,1.10911540035399,0,"","3_prime_UTR_variant","3_prime_UTR_variant downstream_gene_variant","",""
"340","chr5","157477823",0,0,"TC",0.000117880396818772,0.000266224266972733,"ADAM19","ENSG00000135074","exon UTR",0,0,0,0,0,0,0.8,"","3_prime_UTR_variant","3_prime_UTR_variant downstream_gene_variant intron_variant NMD_transcript_variant","",""
"341","chr5","160049664",0,5,"AC TG",0.000659666490870691,0.000697857708763205,"TTC1","ENSG00000113312","intron",0,0,0,0,0,0,0,"","splice_donor_variant","splice_donor_variant non_coding_transcript_variant NMD_transcript_variant intron_variant","",""
"342","chr5","160049667",0,4,"TA AT",0.000534855436665142,0.000649582735768542,"TTC1","ENSG00000113312","intron",0,0,0,0,0,0,0,"","","","",""
"343","chr5","180010004",0,1,"TC",0.000251433927528636,0.000430112505814942,"RNF130","ENSG00000113269","intron",0,0,0,0,0,0,-0.0999999999999996,"","intron_variant","intron_variant NMD_transcript_variant","",""
"344","chr5","180835080",0,6,"AG",0.000705577412829003,0.000705652643466406,"LINC00847","ENSG00000245060","exon",0,0,0,0,0,0,0,"","non_coding_transcript_exon_variant","non_coding_transcript_exon_variant intron_variant non_coding_transcript_variant upstream_gene_variant","",""
"345","chr5","39153507",12,0,"TG TC TA",0.000421969102197112,0.000569233486856507,"FYB1","ENSG00000082074","exon",0,0,0,0,5,0,-3.2,"","synonymous_variant","synonymous_variant","P","ccA/ccC"
"346","chr6","136760893",0,0,"TC",0.000162676703504131,0.000331959567556654,"MAP3K5","ENSG00000197442","intron",0,0,0,0,0,0,0.8,"","intron_variant","intron_variant","",""
"347","chr6","136786285",0,0,"AG",7.27139352879894e-05,0.000208792871326941,"MAP3K5","ENSG00000197442","intron",0,0,0,0,0,0,0,"","intron_variant","intron_variant downstream_gene_variant","",""
"348","chr6","136786898",0,0,"AG",0.000653877058765565,0.000697857708763205,"MAP3K5","ENSG00000197442","intron",0,0,0,0,0,0,0,"","intron_variant","intron_variant downstream_gene_variant","",""
"349","chr6","136786917",0,0,"AG",0.000369739317264811,0.000521452104471438,"MAP3K5","ENSG00000197442","intron",0,0,0,0,0,0,0,"","intron_variant","intron_variant downstream_gene_variant","",""
"350","chr6","2258363",0,7,"TC AG",0.000614260351440946,0.000684023992463325,"GMDS-DT","ENSG00000250903","intron",0,0,0,0,5,0,-6,"","intron_variant","intron_variant non_coding_transcript_variant","",""
"351","chr6","31736313",0,0,"CG",0.000363459688756316,0.000518123386099429,"CLIC1","ENSG00000213719","exon UTR",0,0,0,0,0,0.754896005848959,-3.4,"","","","",""
"352","chr6","33073638",0,0,"CG",0.000376379757663636,0.000525363411738825,"HLA-DPA1","ENSG00000231389","exon UTR",0,0,0,0,0,-0.826632976575523,0.2,"","","","",""
"353","chr6","33073641",0,0,"CG",0.000591896059678718,0.000677851622804011,"HLA-DPA1","ENSG00000231389","exon UTR",0,0,0,0,0,-0.826632976575523,-1.3,"","","","",""
"354","chr6","36602646",4,0,"AG",0.000297046405000194,0.00046361771018079,"SRSF3","ENSG00000112081","exon UTR",0,0,0,0,1,0,0.3,"","3_prime_UTR_variant","downstream_gene_variant 3_prime_UTR_variant non_coding_transcript_exon_variant","",""
"355","chr6","70589045",0,3,"AG TC",0.000226254156570487,0.000411446308031959,"SDHAF4","ENSG00000154079","exon UTR",0,0,0,0,0,0,-1.4,"","3_prime_UTR_variant","3_prime_UTR_variant","",""
"356","chr6","73518419",12,0,"GT GA GC",0.000537366888971222,0.000650667136645877,"EEF1A1","ENSG00000156508","exon",0,0,0,0,0,0,0.8,"","missense_variant","missense_variant non_coding_transcript_exon_variant downstream_gene_variant","R/S","Cgt/Agt"
"357","chr6","73518460",11,0,"AT AG AC",0.0002908990246526,0.00046361771018079,"EEF1A1","ENSG00000156508","exon",0,0,0,0,0,0,0,"","missense_variant","missense_variant non_coding_transcript_exon_variant downstream_gene_variant","V/E","gTg/gAg"
"358","chr6","99521042",0,4,"AC",0.000646950937008447,0.000697857708763205,"USP45","ENSG00000123552","exon UTR",0,0,0,0,0,0,0,"","5_prime_UTR_variant","upstream_gene_variant 5_prime_UTR_variant non_coding_transcript_exon_variant","",""
"359","chr6","99521047",0,1,"TG",0.000175437696321941,0.00034571546039912,"USP45","ENSG00000123552","exon UTR",0,0,0,0,0,0,-1.6,"","5_prime_UTR_variant","upstream_gene_variant 5_prime_UTR_variant non_coding_transcript_exon_variant","",""
"360","chr7","152307014",0,0,"TC",0.000467019457450094,0.000603868463380599,"KMT2C","ENSG00000055609","intron",0,0,0,1,0,0,0,"","intron_variant","intron_variant downstream_gene_variant NMD_transcript_variant non_coding_transcript_variant","",""
"361","chr7","36536704",0,0,"TC",0.000273005186841144,0.000453504483926199,"AOAH","ENSG00000136250","intron",0,0,1,0,3,0,0,"","intron_variant","downstream_gene_variant intron_variant non_coding_transcript_variant","",""
"362","chr7","36536705",0,0,"TC",0.000452010132491946,0.000595341873600038,"AOAH","ENSG00000136250","intron",0,0,1,0,3,0,0,"","intron_variant","downstream_gene_variant intron_variant non_coding_transcript_variant","",""
"363","chr7","36536868",0,0,"TC AG",0.000313608728654797,0.000470413092982195,"AOAH","ENSG00000136250","intron",0,0,1,0,3,0,-4.6,"","intron_variant","downstream_gene_variant intron_variant non_coding_transcript_variant","",""
"364","chr7","36673941",0,2,"TA AT",5.90418995759207e-06,5.15974861511307e-05,"AOAH","ENSG00000136250","intron",0,0,1,0,3,0,0,"","","","",""
"365","chr7","38723468",0,0,"AG TC",4.57920939265128e-05,0.000160073232682245,"VPS41","ENSG00000006715","exon UTR",0,0,0,0,0,0,2.3,"","3_prime_UTR_variant","3_prime_UTR_variant downstream_gene_variant","",""
"366","chr7","5527280",10,0,"AG AC",6.16116586432349e-05,0.00018622471259083,"ACTB","ENSG00000075624","exon UTR",0,0,0,0,0,0,0,"","3_prime_UTR_variant","downstream_gene_variant 3_prime_UTR_variant NMD_transcript_variant non_coding_transcript_exon_variant","",""
"367","chr8","115534488",0,0,"TC AG",0.000351392076018337,0.000505353640297215,"TRPS1","ENSG00000104447","intron",0,0,0,0,0,0,0.200000000000001,"","intron_variant","intron_variant","",""
"368","chr8","129990874",0,0,"TC AG",0.000386414285973682,0.000531981311511712,"CYRIB","ENSG00000153310","intron",0,0,2,0,3,0,-2.1,"","intron_variant","intron_variant non_coding_transcript_variant","",""
"369","chr8","18083999",5,0,"CT CA",0.000277772057082996,0.000455951144877458,"ASAH1","ENSG00000104763","exon UTR",0,0,0,0,3,0,1.1,"","synonymous_variant","intron_variant upstream_gene_variant downstream_gene_variant synonymous_variant NMD_transcript_variant 3_prime_UTR_variant non_coding_transcript_exon_variant non_coding_transcript_variant","V","gtC/gtA"
"370","chr8","30678458",0,0,"TC AG",0.000280699266949912,0.000455951144877458,"GSR","ENSG00000104687","exon UTR",0,0,0,0,0,0,-2.5,"","3_prime_UTR_variant","3_prime_UTR_variant downstream_gene_variant NMD_transcript_variant","",""
"371","chr8","30678608",0,0,"TC",0.000542227023640873,0.000651272687558579,"GSR","ENSG00000104687","exon UTR",0,0,0,0,0,0,0.2,"","3_prime_UTR_variant","3_prime_UTR_variant downstream_gene_variant NMD_transcript_variant","",""
"372","chr8","30678634",0,0,"TC",2.85615145680395e-06,3.18936912676441e-05,"GSR","ENSG00000104687","exon UTR",0,0,0,0,0,0,0,"","3_prime_UTR_variant","3_prime_UTR_variant downstream_gene_variant NMD_transcript_variant","",""
"373","chr8","30678635",0,0,"TC",4.74262422938334e-05,0.000164356460363112,"GSR","ENSG00000104687","exon UTR",0,0,0,0,0,0,0,"","3_prime_UTR_variant","3_prime_UTR_variant downstream_gene_variant NMD_transcript_variant","",""
"374","chr8","37893668",0,1,"TC AG",9.94987584526244e-05,0.000249115810447686,"RAB11FIP1","ENSG00000156675","intron",0,0,0,0,0,0,0,"","intron_variant","intron_variant","",""
"375","chr8","55906554",0,0,"AG",0.000691803673311909,0.000703424927143228,"LYN","ENSG00000254087","intron",0,0,0,0,0,0.789178393087194,0,"","intron_variant","upstream_gene_variant intron_variant","",""
"376","chr8","56013533",0,0,"AG",0.000663916560998919,0.00070051038719571,"LYN","ENSG00000254087","exon UTR",0,0,0,0,0,0.789178393087194,-2.4,"","3_prime_UTR_variant","3_prime_UTR_variant","",""
"377","chr8","56013545",0,0,"AG",0.000185193591560423,0.0003596207885951,"LYN","ENSG00000254087","exon UTR",0,0,0,0,0,0.789178393087194,-1.4,"","3_prime_UTR_variant","3_prime_UTR_variant","",""
"378","chr8","56074116",11,0,"GC GA CT CG",0.000646362658740954,0.000697857708763205,"RPS20","ENSG00000008988","exon UTR",0,0,0,0,0,0,0,"","missense_variant","missense_variant upstream_gene_variant non_coding_transcript_exon_variant intron_variant 5_prime_UTR_variant NMD_transcript_variant","A/G","gCa/gGa"
"379","chr8","66757349",0,1,"AG TC",0.000331744584322789,0.000488503014277513,"C8orf44-SGK3","ENSG00000288602","intron",0,0,0,0,0,0,-2.4,"","intron_variant","intron_variant non_coding_transcript_variant","",""
"380","chr9","133350046",9,0,"CT CG CA",0.0005084497960718,0.000634772726772868,"RPL7A","ENSG00000148303","exon",0,0,0,0,0,0,0,"","stop_gained","stop_gained upstream_gene_variant downstream_gene_variant non_coding_transcript_exon_variant","R/*","Cga/Tga"
"381","chr9","134904536",0,0,"TC AG",0.000243197084912132,0.00042410066551236,"FCN1","ENSG00000085265","exon UTR",0,0,0,0,0,0,-1.9,"","3_prime_UTR_variant","3_prime_UTR_variant","",""
"382","chr9","134906159",0,0,"TC AG",0.000697502165082077,0.000703424927143228,"FCN1","ENSG00000085265","exon UTR",0,0,0,0,0,0,-1.3,"","3_prime_UTR_variant","3_prime_UTR_variant","",""
"383","chr9","134906214",0,0,"AG TC",4.94000804718292e-05,0.000165490269580628,"FCN1","ENSG00000085265","exon UTR",0,0,0,0,0,0,0.0999999999999996,"","3_prime_UTR_variant","3_prime_UTR_variant","",""
"384","chr9","134914412",12,0,"CT CA",0.000587296769290545,0.000677851622804011,"FCN1","ENSG00000085265","exon",0,0,0,0,0,0,4.6,"","missense_variant","missense_variant","G/R","Gga/Aga"
"385","chr9","36160140",0,1,"AG TC",0.000165328771196164,0.000333980733773156,"GLIPR2","ENSG00000122694","intron",0,0,0,0,3,0,0,"","intron_variant","intron_variant non_coding_transcript_variant","",""
"386","chr9","73160305",12,0,"GT GA",0.0005721710101476,0.000674524182050836,"ANXA1","ENSG00000135046","exon",0,1,0,0,0,0,0.6,"","stop_gained","stop_gained downstream_gene_variant non_coding_transcript_exon_variant","E/*","Gag/Tag"
"387","chr9","79666584",0,0,"TC AG",8.38655682485983e-06,6.48345354537241e-05,"TLE4","ENSG00000106829","intron",0,0,0,0,1,0,0,"","intron_variant","intron_variant NMD_transcript_variant non_coding_transcript_variant","",""
"388","chrX","101349959",0,3,"AC TG",0.000399783409927945,0.000548508296215133,"BTK","ENSG00000010671","intron",0,0,0,0,0,0,0.6,"","splice_polypyrimidine_tract_variant","splice_polypyrimidine_tract_variant splice_region_variant intron_variant upstream_gene_variant downstream_gene_variant","",""
"389","chrX","12975156",12,0,"GA GT",0.000529665198962685,0.000649582735768542,"TMSB4X","ENSG00000205542","exon UTR",0,0,0,0,0,0,0,"","5_prime_UTR_variant","upstream_gene_variant 5_prime_UTR_variant","",""
"390","chrX","16764137",0,1,"AG TC",0.000215051469811754,0.00039839028048076,"SYAP1","ENSG00000169895","exon UTR",0,0,0,0,0,0,-2.4,"","3_prime_UTR_variant","3_prime_UTR_variant upstream_gene_variant","",""
"391","chrX","23786071",11,0,"CT CA",1.68867765887353e-05,9.29929340913915e-05,"SAT1","ENSG00000130066","exon UTR",0,0,2,0,3,0,0,"","3_prime_UTR_variant","downstream_gene_variant upstream_gene_variant 3_prime_UTR_variant non_coding_transcript_exon_variant NMD_transcript_variant","",""
"392","chrX","24077210",0,0,"AG",0.000623592781615886,0.000687464450618884,"EIF2S3","ENSG00000130741","exon UTR",0,0,0,0,0,0,0,"","3_prime_UTR_variant","3_prime_UTR_variant intron_variant non_coding_transcript_variant downstream_gene_variant","",""
"393","chrX","2906415",0,1,"TC AG",0.00010814135477135,0.000257430387072177,"ARSD","ENSG00000006756","exon UTR",0,0,0,0,0,-0.739183642557333,-0.0999999999999996,"","3_prime_UTR_variant","3_prime_UTR_variant downstream_gene_variant intron_variant non_coding_transcript_exon_variant","",""
"394","chrX","54561640",0,0,"AG",0.000169454777795931,0.000337231785514675,"GNL3L","ENSG00000130119","exon UTR",0,0,0,0,0,0,-2.3,"","3_prime_UTR_variant","downstream_gene_variant 3_prime_UTR_variant intron_variant","",""
"395","chrX","54562281",0,1,"AG",0.000365464813833444,0.000519140830957754,"GNL3L","ENSG00000130119","exon UTR",0,0,0,0,0,0,-2.4,"","3_prime_UTR_variant","downstream_gene_variant 3_prime_UTR_variant intron_variant","",""
"396","chrX","54564588",0,0,"AG TC",0.000378205681189849,0.000526085411205258,"GNL3L","ENSG00000130119","exon UTR",0,0,0,0,0,0,-1.4,"","3_prime_UTR_variant","downstream_gene_variant 3_prime_UTR_variant intron_variant","",""
"397","chrX","72277220",0,0,"TG",0.000347266012750106,0.000504506345367641,"PIN4","ENSG00000102309","intron",0,0,0,0,0,0,1.1,"","5_prime_UTR_variant","5_prime_UTR_variant non_coding_transcript_exon_variant intron_variant NMD_transcript_variant upstream_gene_variant","",""
"398","chrX","77828020",0,0,"TC",6.90642824022147e-06,5.78684089876814e-05,"MAGT1","ENSG00000102158","exon UTR",0,0,0,0,0,0,-0.6,"","3_prime_UTR_variant","3_prime_UTR_variant intron_variant NMD_transcript_variant","",""
"399","chrX","77828148",0,0,"TC AG",0.000224140755512066,0.000409566289617503,"MAGT1","ENSG00000102158","exon UTR",0,0,0,0,0,0,0,"","3_prime_UTR_variant","3_prime_UTR_variant intron_variant NMD_transcript_variant","",""
"400","chrX","77828226",0,0,"TC AG",0.000146058627213969,0.000307411351518405,"MAGT1","ENSG00000102158","exon UTR",0,0,0,0,0,0,0.2,"","3_prime_UTR_variant","3_prime_UTR_variant intron_variant NMD_transcript_variant","",""
"401","chrX","77828331",0,0,"TC AG",4.90744680944339e-06,4.3839858164361e-05,"MAGT1","ENSG00000102158","exon UTR",0,0,0,0,0,0,2.5,"","3_prime_UTR_variant","3_prime_UTR_variant intron_variant NMD_transcript_variant","",""
"402","chrX","77828418",0,1,"TC AG",2.42675921005173e-05,0.000112133011774804,"MAGT1","ENSG00000102158","exon UTR",0,0,0,0,0,0,0,"","3_prime_UTR_variant","3_prime_UTR_variant intron_variant NMD_transcript_variant","",""
